date,n1,n2,n3,n4,n5,e1,e2,is_tuesday,month_sin,month_cos,doy_sin,doy_cos,dist_sun_au,lon_sun_sin,lon_sun_cos,dist_moon_au,lon_moon_sin,lon_moon_cos,dist_mercury_au,lon_mercury_sin,lon_mercury_cos,dist_venus_au,lon_venus_sin,lon_venus_cos,dist_mars_au,lon_mars_sin,lon_mars_cos,dist_jupiter_au,lon_jupiter_sin,lon_jupiter_cos,dist_saturn_au,lon_saturn_sin,lon_saturn_cos,moon_phase_deg,sep_sun_sirius_deg,sep_sun_betelgeuse_deg,sep_sun_aldebaran_deg,sep_sun_regulus_deg,sep_sun_spica_deg,sep_sun_antares_deg
2025-04-08,17,39,40,41,47,5,8,1.0,0.8660254037844387,-0.4999999999999998,0.9937806700284985,-0.11135519690480862,1.0013966343170515,0.32800656754544766,0.944675442491787,0.002657651556549321,0.4660985960350058,-0.8847327838246961,0.6736473361271473,-0.0540776138242019,0.9985367352697048,0.3213206199824761,-0.08719804955866638,0.9961909958201611,1.2123868839497838,0.8964587920514328,-0.443127108348932,5.573881559540544,0.9752813689647347,0.22096662949475634,10.508295992413965,-0.08016565820462876,0.9967815544263541,133.02990808710678,86.3691823849735,70.76800552072011,51.20135675517992,131.03658064048963,174.54696846535344,128.8813313056628
2025-04-11,2,26,27,28,49,1,10,0.0,0.8660254037844387,-0.4999999999999998,0.9867305793119814,-0.16236614133076366,1.0022392501980044,0.3761041617254069,0.926577389931801,0.002705475867751219,-0.14498498127190604,-0.9894338559022453,0.7100102507033544,-0.04148737029927418,0.9991390284167919,0.3356430742001403,-0.09308835618309194,0.9956578518462704,1.2408357853965108,0.8875346340490804,-0.46074100464725837,5.614716105576287,0.9772273638155057,0.21219490901102508,10.487093024586652,-0.07411608861434997,0.9972496204103112,166.20829881001117,84.10563186084381,67.95414681942633,48.27952529214799,128.09188906684562,177.05635463338587,131.80956376359774
2025-04-15,8,11,13,33,35,1,10,1.0,0.8660254037844387,-0.4999999999999998,0.9732643737003824,-0.22968774213179563,1.0033683609842896,0.4385434219697924,0.8987100016395859,0.00270809470978867,-0.8262991494046702,-0.5632314938754033,0.7636331052147095,-0.0059850254124669934,0.9999820895750144,0.3571960223338357,-0.09117411187557375,0.9958349669115362,1.2787279653934114,0.8745507265633444,-0.48493404362606496,5.6674033071602095,0.9797780091913342,0.20008761257275767,10.45570233124281,-0.06618078645735062,0.997807648549502,149.98925444221658,81.10406772231448,64.2185390889229,44.3951222444203,124.17351990490539,177.26022507722945,135.70354820821456
2025-04-18,7,8,12,29,44,3,12,0.0,0.8660254037844387,-0.4999999999999998,0.9601498736716018,-0.2794856348516094,1.004215434920689,0.48396043107269054,0.8750898817584029,0.002656059335193718,-0.9994218719723805,0.03399885032207229,0.806449223291553,0.032661031023536215,0.9994664862077566,0.37492706890866645,-0.08280981585156713,0.9965653688537595,1.3070861854054776,0.8639831513785364,-0.5035207186740314,5.705531142120377,0.9816457503982329,0.19071345187241087,10.429875698959995,-0.060337732013372426,0.9981780192407977,116.87663242425775,78.86817848948786,61.42984357074294,41.49046003219196,121.24012559767253,174.83011061340852,138.61638012782169
2025-04-22,10,16,23,29,38,3,5,1.0,0.8660254037844387,-0.4999999999999998,0.9387101892619443,-0.3447073839879337,1.0053328597568305,0.5424274706652719,0.8401026360318575,0.002514171381538598,-0.5930276387271612,0.8051821034434927,0.8657694338388461,0.09747532322996597,0.9952379420828035,0.4002898950172161,-0.06324584835341608,0.9979979772855537,1.3447717566851458,0.8487633927899386,-0.5287728274596873,5.754416626194852,0.9840586768487671,0.17784409047998653,10.392480377902743,-0.05270728043723511,0.9986100052517553,69.24824420073233,75.91190743380186,57.7306615932328,37.62970719652697,117.33545502934092,171.11179025709464,142.48971549936383
2025-04-25,13,14,40,43,45,5,8,0.0,0.8660254037844387,-0.4999999999999998,0.9197204370389467,-0.39257396461417177,1.0061497133007735,0.5845730177727367,0.8113411039088773,0.0024107675860507104,0.11398330116394163,0.9934826657047269,0.9113659922857861,0.15439810949122212,0.9880087164522064,0.42038426800616124,-0.042904028188740305,0.9990791982446535,1.37290909265412,0.8364855793973964,-0.5479889373520254,5.789544834262622,0.9857991732226958,0.1679285266815895,10.362276779489598,-0.04711601512849935,0.9988894238695347,29.239652464766053,73.71682940158105,54.97230096764483,34.744212324512944,114.4116358668881,168.2485281765489,145.38625431708843
2025-04-29,17,21,27,30,34,8,11,1.0,0.8660254037844387,-0.4999999999999998,0.8906165093267405,-0.4547551355561055,1.0071931465007744,0.6382919730699669,0.7697943602771123,0.0024146155265050017,0.9215533022033053,0.38825186567250825,0.9730237303090893,0.23921654743292498,0.9709662421702782,0.44833967380985507,-0.009184754865889913,0.9999578192494188,1.4101977371894203,0.8189448312489154,-0.5738722535292027,5.834225057528643,0.9880116884872167,0.15437908994627192,10.319239253648172,-0.03985408110832149,0.999205510502725,27.882850416787765,70.82543499737051,51.31961514162629,30.913138067249243,110.51983703261938,164.40285448200382,149.2348781702374
2025-05-02,3,15,22,33,35,1,7,0.0,0.49999999999999994,-0.8660254037844387,0.8660254037844387,-0.4999999999999998,1.00793874490468,0.6765909933292482,0.7363590345380039,0.0025220607096316213,0.9385795316305052,-0.34506298382217343,1.0195460875761713,0.30816684899447405,0.9513323253105704,0.4700358382009804,0.020429453932720703,0.9997912969275192,1.437949766729162,0.8049046097356262,-0.5934042207688949,5.866050083830645,0.9895794406774444,0.14398795292841787,10.28498003521,-0.03456423767482352,0.9994024782208408,67.68767511405176,68.68795788445183,48.60235296842788,28.055039294218265,107.60653640284373,161.5116966057252,152.10893213130407
2025-05-06,1,21,22,46,49,9,10,1.0,0.49999999999999994,-0.8660254037844387,0.8296770135526188,-0.5582437220268649,1.00889312148826,0.7248262163426521,0.6889317499595987,0.0026641014861210803,0.318590408472641,-0.9478924789390597,1.0813163271689537,0.4052969243258076,0.9141851033199133,0.4997671828275686,0.06485696643930147,0.9978945705355308,1.4746162231128417,0.7850042250439396,-0.6194904088548617,5.906163027327881,0.9915331727361113,0.1298536382388294,10.236810111953698,-0.027735241854802847,0.9996153041841924,114.96074421094025,65.88627580107459,45.0146394734901,24.27040135334937,103.72988659009714,157.65586551837305,155.9201050003324
2025-05-09,1,5,27,36,43,5,9,0.0,0.49999999999999994,-0.8660254037844387,0.7998392447397195,-0.6002142805483681,1.0095861068604735,0.758774221687424,0.6513537291692156,0.0027114906747034277,-0.2961014742346787,-0.9551564882028756,1.1268362079892167,0.48069200487971314,0.8768895007038925,0.5225661188243385,0.1013696919700737,0.9948488254754551,1.5018412133439336,0.7691960118445192,-0.6390129070390411,5.934468635568448,0.9928871120929538,0.11905957601013943,10.198915430621902,-0.02279105265821251,0.9997402502243923,147.82075347839583,63.82600752814983,42.354718712415846,21.457366879653733,100.8279599253799,154.76553312308152,158.7586575881679
2025-05-13,14,16,19,33,34,5,12,1.0,0.49999999999999994,-0.8660254037844387,0.7567706633464627,-0.6536804747720057,1.0104848155406414,0.8009274361403594,0.5987614233044999,0.0026989956042363554,-0.9041602365612708,-0.42719347680116426,1.1850792960020011,0.5824175990373249,0.8128897467255924,0.5534967105273063,0.15359940371397743,0.9881332011316645,1.5377513727098402,0.7469449888337645,-0.6648858425745938,5.96978644323097,0.9945320824636786,0.10443149405451722,10.146176826278769,-0.016448986933736122,0.9998647062622291,167.58335027334655,61.14113553111403,38.857401802880155,17.755181785125647,96.9653646305569,150.91500690632228,162.50645275089008
2025-05-16,6,8,15,27,39,6,12,0.0,0.49999999999999994,-0.8660254037844387,0.722116596610116,-0.6917713646142222,1.0111391726056398,0.830122376083856,0.5575812413674739,0.0026457635163588643,-0.9804068114305386,0.1969834614900554,1.2255141011517428,0.6578471234153199,0.7531514868963539,0.5770098735381496,0.19496895171586898,0.980809414650377,1.564379009152911,0.7293792443696456,-0.684109580317923,5.9944235553456116,0.9956383038742509,0.09329720177156905,10.105060461097269,-0.011889294150081798,0.9999293198444642,134.54588251961835,59.179721651173864,36.278644448216475,15.033584378333947,94.07273769895265,148.02966270488554,165.27582494052373
2025-05-20,8,19,20,21,28,7,10,1.0,0.49999999999999994,-0.8660254037844387,0.672949024155833,-0.7396888608649667,1.0119771920732734,0.8657045716165155,0.5005552863393468,0.0025237920048529956,-0.4523171588770855,0.89185715660377,1.2721216350883398,0.7540970751084949,0.6567629719410292,0.6086690543446404,0.25240254953966174,0.9676223193921679,1.599457388638393,0.7047915626273272,-0.7094144439249389,6.024751753979709,0.9969335245470664,0.07825309983741091,10.048298986401305,-0.00608620295594211,0.9999814788952739,86.85743427185906,56.64342709965389,32.91393653946055,11.535699966093087,90.22069130473515,144.18566997422312,168.86880199384854
2025-05-23,11,17,19,33,40,7,12,0.0,0.49999999999999994,-0.8660254037844387,0.6339784927628868,-0.7733506777097298,1.0125693163707152,0.889807777197867,0.45633553405163524,0.002429444521814636,0.2658211829370683,0.9640223538393379,1.2989305520466452,0.8203999372001949,0.5717901214973168,0.6325762811531702,0.29674711244216845,0.9549560991256274,1.6254308504401163,0.6854779712119744,-0.7280933669407486,6.0455667883021444,0.9977640808940064,0.06683441387293436,10.004376083700297,-0.001951382719366222,0.9999980960509288,47.458379260102845,54.80760783637065,30.45958284632119,9.101076237622818,87.33476703054018,141.30485126806366,171.4148541560973
2025-05-27,6,9,17,25,41,4,10,1.0,0.49999999999999994,-0.8660254037844387,0.5794210982045638,-0.8150283375168113,1.013292049247329,0.9183967037173194,0.39566083278631736,0.002417001528706911,0.9679794441868269,0.2510294716398089,1.319428905316272,0.8965120593725497,0.4430193307290212,0.6645869038861105,0.35693960624430693,0.9341274631944825,1.6595791001503175,0.6585690176203285,-0.7525203313071318,6.070682618643111,0.9986755841185755,0.051449758847072834,9.944178959153225,0.0032562009195925452,0.999994698563733,10.068746911249253,52.46059131794113,27.308408627797338,6.45726076485873,83.49096171362599,137.46690996054778,174.2857459355603
2025-05-30,4,5,26,29,43,5,9,0.0,0.49999999999999994,-0.8660254037844387,0.5366961939916005,-0.8437755598231856,1.0137781911203112,0.9371121354346945,0.3490284309637637,0.002514557992820016,0.8771619019639139,-0.4801947498078766,1.3208416109862684,0.9413846374466095,0.3373350921257906,0.6886557632044159,0.4024755036581087,0.915430755958719,1.6847981827297767,0.6375297548632818,-0.7704257340353864,6.087505531210096,0.9992073605757823,0.039807669753183755,9.897938421952572,0.006922714429617679,0.9999760377253677,49.2560000556011,50.785366510054374,25.06395170452572,5.493632563568559,80.61159547852374,134.5913796145853,175.39391293548618
2025-06-03,6,8,19,26,30,1,12,1.0,1.2246467991473532e-16,-1.0,0.47753588643748834,-0.8786122450571482,1.0143586936642754,0.9583529519527281,0.2855864483540703,0.0026620236061359764,0.17141462518025402,-0.9851989780112,1.3027015686988128,0.9817720822147189,0.190062038776225,0.7207858988705362,0.4631568557585239,0.8862763265279503,1.7178671820005544,0.608359556127671,-0.7936615465474833,6.1072215076194905,0.9997078419228196,0.024170866720470977,9.83503190586867,0.01148012365948893,0.9999341012090561,96.72371149377676,48.68023781391216,22.286977494894657,6.364188805698456,76.77751333095735,130.7618244911268,174.37238587416454
2025-06-06,7,8,11,23,39,5,11,0.0,1.2246467991473532e-16,-1.0,0.43167285247378384,-0.9020302369860707,1.0147513156316437,0.9714579520681996,0.23721181961162807,0.002709538850504221,-0.4364710622623285,-0.8997182958057452,1.2752398173468726,0.996842084091638,0.07940944140239044,0.7448835780264567,0.5082880433614931,0.8611871254122097,1.7422393317633516,0.5856634579528944,-0.8105543251495598,6.119962893673497,0.9999234538018236,0.012372814434576955,9.787048585487458,0.014642467505016606,0.9998927933260467,129.54941656195376,47.20870230222976,20.41940051921289,8.211771606600418,73.90558667252428,127.89293752250302,172.33730258424978
2025-06-10,1,17,20,28,42,2,12,1.0,1.2246467991473532e-16,-1.0,0.3687629311922603,-0.9295234803804002,1.0152266839894315,0.9851183443917221,0.17187742010779813,0.00268170984235776,-0.9595708271616438,-0.2814672763578721,1.2242339775905395,0.9980477061400671,-0.0624561947972359,0.7769689196775023,0.567456422692966,0.8234034298838583,1.7741539323620157,0.5543400438256957,-0.832290283381541,6.13421399780161,0.9999941115499641,-0.0034317437838373463,9.722192960154945,0.01850799271540477,0.999828712433108,171.88872301193166,45.406699693534165,18.320921311390897,11.350650518268065,70.0804770762054,124.0715021539001,169.0318528071818
2025-06-13,1,15,18,27,46,5,9,0.0,1.2246467991473532e-16,-1.0,0.3204232733919116,-0.9472744722987168,1.0155499387281581,0.9924809160284391,0.1223994743426231,0.0026226799814825217,-0.9338352668756184,0.3577033608163929,1.1785153649976556,0.9868317532960245,-0.16175008713040695,0.8009667590460635,0.6107476113420276,0.7918253312694711,1.7976508938579507,0.5300705246321126,-0.8479535594100877,6.142842315786146,0.9998825222308813,-0.015327809276321084,9.673022502222443,0.021137274157013452,0.9997765828629971,151.69326719655243,44.18735121453598,17.129188888969964,13.927371284166812,67.21404625381804,121.20759263347004,166.3769679802073
2025-06-17,10,13,15,33,35,7,12,1.0,1.2246467991473532e-16,-1.0,0.2546711202412288,-0.9670277247913204,1.015933547068546,0.9984302441484388,0.056009352519814835,0.002522886215867731,-0.28656566061192174,0.9580606046373334,1.1119330802017042,0.9593353002423727,-0.282268988216695,0.8328250313105106,0.6665513830294212,0.745459089274231,1.828390929577696,0.4967023082292213,-0.8679209739370075,6.151585342988242,0.9995122772669711,-0.03122831395694238,9.606947408467247,0.02427318506388916,0.9997053628378985,103.4404018696399,42.75601598239868,16.18576930516867,17.4994195468618,63.39418357616229,117.39083407315351,162.7352012733574
2025-06-20,6,12,18,37,46,7,9,0.0,1.2246467991473532e-16,-1.0,0.2045520661262008,-0.9788556850953578,1.016177647897498,0.9999816866745235,0.0060519679092949875,0.002452176210679143,0.42673502456944473,0.904376701826023,1.0600088019867733,0.931786207155331,-0.36300752630638744,0.8565794867621043,0.706652596647089,0.7075606741841484,1.8509970332664403,0.4709372293681855,-0.8821667223348527,6.156056627109302,0.999067706941335,-0.043170788120938094,9.557140249552926,0.026340654236089923,0.9996530247713027,64.42430487466558,41.840818535781686,16.032885144472836,20.235569613134572,60.53014166531157,114.52895430209391,159.96219307713505
2025-06-24,20,31,35,40,44,3,4,1.0,1.2246467991473532e-16,-1.0,0.13690605792347574,-0.9905840354577969,1.0164278364013317,0.9981653352035088,-0.060547201405736654,0.0024392420129314626,0.9946171016281192,0.1036186332127551,0.9903844273165511,0.8892317251809013,-0.45745703506646174,0.8880212380376654,0.7573397235120822,0.6530210893919453,1.880517398883454,0.43562707927211347,-0.900127239786047,6.159211986131894,0.998252678720949,-0.05908967275632559,9.490612120662865,0.028707615832177322,0.999587851463408,10.657519375054827,40.84917950607751,16.592934762916293,23.927851235989493,56.71216506867272,110.71366872725766,156.23312867508838
2025-06-27,4,14,26,29,50,3,12,0.0,1.2246467991473532e-16,-1.0,0.0857305001556943,-0.9963183634476755,1.016551266014413,0.9938958108807876,-0.11032278601278053,0.0025204661496486466,0.8002150813819937,-0.5997131176894576,0.9388983407139089,0.8551215533612809,-0.5184275542223715,0.9114090050671719,0.7929808915626254,0.6092465064459079,1.9021704180728878,0.40845213272023695,-0.9127797408336197,6.159463873869224,0.9974745152876764,-0.07102528670561703,9.440788460685784,0.030184645455158872,0.9995443397762535,30.69887577335575,40.287715120592146,17.539770392779158,26.718245230167224,53.84948481098422,107.85288031183353,153.42131406054511
2025-07-01,1,9,10,12,14,6,8,1.0,-0.4999999999999997,-0.8660254037844388,0.01716632975470737,-0.9998526477050269,1.016633639821702,0.984351742658868,-0.17621477442158384,0.002659262941224759,0.028960113287103673,-0.99958056795758,0.8722799600543959,0.809758417302364,-0.5867634153625894,0.9423180320007268,0.8369480921521987,0.5472822772964558,1.9303670186602309,0.37134255864213733,-0.9284959365237474,6.156987543432916,0.996217719226344,-0.08689220850836572,9.374695830924262,0.03175076001098207,0.9994958175193757,78.19187253948749,39.79492022669762,19.378326847241958,30.456693513210574,50.03410975465314,104.03988578909416,149.65984143976135
2025-07-04,14,23,34,41,44,5,10,0.0,-0.4999999999999997,-0.8660254037844388,-0.03432760051324313,-0.9994106342455054,1.0166418697481359,0.9743313853945502,-0.2251185275252493,0.002704530302846089,-0.561589295854678,-0.8274161364038334,0.8244097776978142,0.7778580614812683,-0.628440002059547,0.9652833642196131,0.8670154729581216,0.49828121543080933,1.95100199541721,0.34288782130927825,-0.9393763580151336,6.153035964237933,0.9951125614154792,-0.09874710179607384,9.325539659429435,0.03262064828439981,0.9994678050370134,111.11531251261994,39.623153077633326,21.09487411173277,33.26989773753856,47.17369200926176,101.1811641062567,146.83238594846824
2025-07-08,21,27,29,34,43,6,10,1.0,-0.4999999999999997,-0.8660254037844388,-0.10282099713736044,-0.9946998756145891,1.0165933349621643,0.9572037163727686,-0.28941500541983034,0.002660957465006016,-0.9909286566681915,-0.13438897794749913,0.764200102898822,0.7411330854445567,-0.6713581381494019,0.99559555840924,0.902900088665803,0.4298504738711884,1.9778312810951681,0.3041689202804199,-0.9526181123280428,6.145000155595559,0.993426211928386,-0.11447428293559,9.260773131123784,0.03337220215395955,0.9994429929332614,154.97180853320805,39.66197541528818,23.714263781961968,37.029957632799885,43.36074067361982,97.37037562813468,143.05624614908876
2025-07-11,6,12,13,43,46,6,11,0.0,-0.4999999999999997,-0.8660254037844388,-0.15389057670406148,-0.9880878960910772,1.0165185485493857,0.9415722518931235,-0.33681106642287195,0.0025902722590435343,-0.8629627422724369,0.5052675582794086,0.7224278286081766,0.7199601125511114,-0.6940154438738313,1.0180818799872073,0.9264533472862347,0.3764096110650355,1.997443395839788,0.2745792891225623,-0.9615644616898799,6.136914940298242,0.992005069307071,-0.12619802878441957,9.212927767178005,0.033628847101650476,0.9994343903641768,168.66257119330388,39.89142769831199,25.86422024785633,39.855666574845976,40.501109445419,94.5123030674801,140.22015169517698
2025-07-15,13,28,33,37,45,6,11,1.0,-0.4999999999999997,-0.8660254037844388,-0.22132528438243218,-0.9752000402445826,1.016370533704416,0.9170818349306452,-0.3986990193620256,0.0025070450586894308,-0.1054812131727153,0.994421295863887,0.672559205828345,0.7029756898935315,-0.7112138774086972,1.0477024267510167,0.953099648069872,0.3026566715753777,2.022918974994922,0.23444016667536216,-0.9721305510317163,6.123409861525918,0.9899071939477553,-0.14171713859121346,9.150321129511946,0.03356095875728826,0.9994366723546277,119.55107365276716,40.45896029810418,28.911468780482178,43.63017322306025,36.68718244031531,90.70037822086735,136.43348007146162
2025-07-18,10,12,21,25,39,2,4,0.0,-0.4999999999999997,-0.8660254037844388,-0.2712339106729102,-0.9625134626077081,1.0162183637476356,0.8960284434197389,-0.4439966537968499,0.0024681407941213617,0.5867440361312681,0.8097724594380752,0.6407443522059175,0.7001363136147432,-0.7140092032725894,1.0696219435579577,0.9693433541043744,0.2457101175240478,2.041519922597221,0.20385222851419554,-0.9790016695234979,6.111245489495475,0.9881858875890426,-0.15326007819995405,9.104406459127482,0.03320218636676225,0.9994486554198103,80.45293807933295,41.07414845263801,31.300184226133393,46.466114208627076,33.8251256112929,87.83976616496035,133.58939536372682
2025-07-22,5,20,42,46,48,7,8,1.0,-0.4999999999999997,-0.8660254037844388,-0.3366372842469099,-0.941634397659126,1.0159456269154115,0.8644643032043995,-0.5026942097193204,0.002474291414120585,0.9983292090576805,-0.05778226667642933,0.60812193987672,0.7103409634557809,-0.7038577382090169,1.0984182406204388,0.9857882628061602,0.16799256207824473,2.0656335104213324,0.16247126800673609,-0.9867132750056034,6.0923225277609525,0.9857012530097066,-0.16850234364867014,9.044808680852714,0.03231415515704555,0.9994777613216246,27.287013536728207,42.13376726300867,34.58892332759262,50.253762402790834,30.00628386213941,84.02276776294154,129.7918864303082
2025-07-25,7,8,13,29,36,4,8,0.0,-0.4999999999999997,-0.8660254037844388,-0.38466509970700097,-0.9230562068841761,1.0156802062386572,0.8382435323927598,-0.5452960484009656,0.002542024347001347,0.7058400854735403,-0.7083712118223787,0.5929712347321305,0.7274702674869536,-0.6861392059359821,1.1196767327755552,0.9940806629063998,0.10864453799235661,2.0831875277378087,0.13102560232351873,-0.9913789848164823,6.0761179147150495,0.9837017840075776,-0.17980767542101547,9.001495511458282,0.03134346340690999,0.9995086729496947,12.391061246446334,43.09696852622666,37.116351672210506,53.09870063193538,27.140189673981748,81.1579848941473,126.94015245929869
2025-07-29,20,21,38,43,49,6,11,1.0,-0.4999999999999997,-0.8660254037844388,-0.44709379298511404,-0.8944870822287955,1.0152452297947596,0.8000076864341061,-0.5999897512844272,0.002662227909031045,-0.10918389512458113,-0.9940215676963073,0.588343399072582,0.7584911778126299,-0.6516833074280862,1.1475589975644576,0.999593035206704,0.028526548446126107,2.105866585222426,0.08861608086268498,-0.9960658563631916,6.0518723224756705,0.9808647249703082,-0.19469050133204183,8.945835739240623,0.029650745576386528,0.999560319984124,59.41131543902983,44.5878675310387,40.54890852039426,56.89653694945143,23.316618155676178,77.33604371628122,123.13390703750335
2025-08-01,4,11,12,20,33,3,5,0.0,-0.8660254037844384,-0.5000000000000004,-0.4925480679538642,-0.8702852410301554,1.0148653462054091,0.7689650147913393,-0.6392908618359529,0.002701888371398212,-0.6710968470788821,-0.7413696930956806,0.5985118804683713,0.7831701158281231,-0.6218075021047624,1.168120067445007,0.9994875792139071,-0.03200904555159034,2.1223273506923035,0.056494578712309666,-0.9984029059333305,6.0317481256283685,0.9786161001643583,-0.2056952320767371,8.905814769404216,0.02808979013151585,0.999605403992179,92.4064794092311,45.848210813828096,43.1610676140304,59.747939724904406,20.44751976268348,74.46804601945476,120.27661128984663
2025-08-05,1,18,21,22,34,1,6,1.0,-0.8660254037844384,-0.5000000000000004,-0.5511016400745999,-0.8344381237138474,1.014300835602236,0.7245596870526431,-0.6892120572785824,0.0026437241874755503,-0.9999647162733107,0.00840036954170342,0.6321394160214242,0.8105659692857424,-0.5856473422084871,1.1950598651443944,0.9936081419094598,-0.1128842784945306,2.143547807602462,0.013316202204707793,-0.9999113354487204,6.00239154343891,0.9754684441960155,-0.22013930675325794,8.854963731765134,0.025632856281662623,0.9996714243584457,136.67391678011776,47.69961064866369,46.68439736910548,63.55376676595433,16.620016313626078,70.64173869114815,116.46338526565344
2025-08-08,7,16,23,41,42,1,4,0.0,-0.8660254037844384,-0.5000000000000004,-0.5933267643772321,-0.8049617075821958,1.0138429827129294,0.6890930167075674,-0.7246729016079352,0.002556402551005494,-0.774791202427399,0.6322172036896064,0.6726825745345621,0.8230463746132083,-0.5679741765573981,1.2149010185567188,0.9848582927193676,-0.17336130843383793,2.158924845761246,-0.019283105976836596,-0.9998140636257754,5.978523400660671,0.9730039239180912,-0.23078856999426434,8.818843295916267,0.02351825209320525,0.9997234076575783,172.05751897216675,49.204212138237274,49.352376966244165,66.41136197503457,13.747581344189244,67.76983282603747,113.6005268638889
2025-08-12,11,16,29,37,42,1,11,1.0,-0.8660254037844384,-0.5000000000000004,-0.6471606673266059,-0.7623536388483905,1.0131955254711453,0.6390686778703931,-0.7691496765682136,0.00247740873666967,0.07631674755873805,0.997083624397701,0.7459107745831889,0.8254327149753569,-0.564500516428826,1.2408534447049664,0.9673844125279566,-0.2533128468868888,2.178723224754441,-0.06297005242656573,-0.9980154169637839,5.944289197899885,0.9695924009608882,-0.2447255115407877,8.773561389749128,0.020351705553694043,0.9997928825917175,135.8822175673476,51.34851774439782,52.93863708097517,70.22661885823966,9.914807102147535,63.936665296144966,109.77855040633457
2025-08-15,5,11,20,33,43,6,12,0.0,-0.8660254037844384,-0.5000000000000004,-0.6855476064742154,-0.7280278011569848,1.0126810168960385,0.5996034480435805,-0.8002972604565439,0.0024702307365667493,0.731011868870534,0.6823647467230478,0.8132336674172023,0.8150825630852515,-0.579344815592905,1.2599227240741433,0.9499329221042946,-0.3124539062044132,2.193049113406396,-0.09585801893750437,-0.9953950171692528,5.916839900241947,0.9669490854445104,-0.25496953966704533,8.741886924840951,0.01772762887724131,0.9998428532396433,96.16836420783346,53.050033419969715,55.647605163014696,73.09261380619031,7.038490614561789,61.05798230628776,106.9076824001626
2025-08-19,3,4,11,33,47,6,9,1.0,-0.8660254037844384,-0.5000000000000004,-0.7338853664321993,-0.6792733388972929,1.0119442588721137,0.544554681434826,-0.8387253417701263,0.0025111914903964533,0.9732719001644768,-0.22965584762907443,0.9149272509889065,0.7832142777937809,-0.6217518757993145,1.284792062556252,0.920921945713579,-0.38974705887680017,2.211447174717565,-0.13980751521482623,-0.9901787003816311,5.87792659107976,0.9633271570714996,-0.26832962648306696,8.702898833832037,0.013915160098394332,0.9999031794726108,43.93482097759103,55.429092669403225,59.28220208444711,76.9206124580726,3.2099654709600687,57.21390633872699,103.07333868823274
2025-08-22,3,14,16,22,34,7,10,0.0,-0.8660254037844384,-0.5000000000000004,-0.7678804460366,-0.6405931786981752,1.011345148824804,0.5015747138963829,-0.8651143313919621,0.00257454860480094,0.5907444340418689,-0.8068587321511443,0.9957647329085675,0.744501269016209,-0.6676210455290145,1.3030119201518877,0.8949209045676195,-0.4462248027260179,2.224707776512653,-0.17279485213754164,-0.9849578361913596,5.847051070939132,0.9605491545689849,-0.27811026888054363,8.67622446214215,0.010835790102285752,0.9999412911030623,6.4836125657813595,57.287247097520265,62.02304595981319,79.79651628436413,0.5470601911362134,54.32650244236005,100.19275988140188
2025-08-26,8,14,21,26,35,4,8,1.0,-0.8660254037844384,-0.5000000000000004,-0.8100248628547748,-0.5863955333706962,1.0104816562744303,0.44221488369735634,-0.8969091351059669,0.002673119900999445,-0.24581523452555987,-0.9693167028763839,1.1017583230261863,0.6721430801027866,-0.7404212853976707,1.3267195592639385,0.854729476653132,-0.519073715131351,2.241658627514637,-0.2167318999847897,-0.9762311629573106,5.80371721729174,0.9567810948579806,-0.29080910667027615,8.644259729371248,0.006463098541061754,0.999979113960511,40.52970332737133,59.851172112942486,65.69441955231923,83.63700868331223,3.6030029659640737,50.47135523230412,96.34612117403587
2025-08-29,3,5,19,23,48,1,5,0.0,-0.8660254037844384,-0.5000000000000004,-0.8391377545563938,-0.5439189543287248,1.0097909624196066,0.3963007132707011,-0.9181207680153703,0.0027044506143324766,-0.7668537791204058,-0.6418218455683414,1.174459817171271,0.603004497670839,-0.7977377863613703,1.344060359852837,0.8205593989265912,-0.5715612590381116,2.2538227636762023,-0.2495928433786279,-0.9683508726356226,5.769661697794447,0.9539196317554609,-0.30006222046689907,8.62309092327909,0.0030034888040389265,0.9999954895173297,73.47539669354457,61.83146851435362,68.45894611577148,86.52149531177034,6.487468802412199,47.57636145574071,93.45707651557592
2025-09-02,1,5,12,38,47,7,8,1.0,-1.0,-1.8369701987210297e-16,-0.8744809578310394,-0.4850598461951967,1.008826052964152,0.33343975842491624,-0.9427714078723078,0.0026358461298767676,-0.989260316640764,0.14616437979143723,1.2563289145600438,0.4944476003374834,-0.8692074381414969,1.3665954593448173,0.7698348515540044,-0.6382431365340515,2.269317046502367,-0.2932002703428598,-0.9560510454316098,5.722288862028917,0.9500759511798608,-0.3120187285880173,8.59873222150235,-0.0018183971324134214,0.9999983467145678,117.76895251849078,64.53868092067512,72.15778152507399,90.37279090684105,10.3503708660836,43.71168927469054,89.59974713135259
2025-09-05,6,14,25,29,46,7,11,0.0,-1.0,-1.8369701987210297e-16,-0.8982917515547529,-0.4393995096591416,1.0080800419963738,0.28521146096013755,-0.9584646172587614,0.002531004361616358,-0.6759988065139799,0.736902716504475,1.3045602927407143,0.40422698436407023,-0.9146587041688992,1.383057150536695,0.7280796671516513,-0.6854925224102307,2.2804043003688346,-0.3256932170968923,-0.9454755038270831,5.685359749857663,0.9471849399490301,-0.3206878381444363,8.583433998040634,-0.005569790977125609,0.9999844885939337,153.907934474244,66.61343245654912,74.94063365891319,93.2653754268133,13.254054324389793,40.809558542483195,86.70264680782843
2025-09-09,14,18,24,27,50,8,9,1.0,-1.0,-1.8369701987210297e-16,-0.9263239682514951,-0.3767278936351848,1.0070698725661809,0.21968035920191473,-0.9755719039521985,0.0024407162356331435,0.24440675868059014,0.9696727985827218,1.3515174501620553,0.27748253224716884,-0.9607306825004075,1.4044152677356958,0.6677248935388164,-0.7444081317050321,2.2944955537930327,-0.3686520834506884,-0.92956744853048,5.634360810008996,0.9433387414067459,-0.33183131100174457,8.567083332286225,-0.01071937159849829,0.999942545885779,153.07140711263563,69.43159531163839,78.66208361534954,97.12829819609233,17.133122846369922,36.93461139384971,82.83366841988553
2025-09-12,7,22,24,33,45,4,12,0.0,-1.0,-1.8369701987210297e-16,-0.9444892287836613,-0.32854238191083474,1.0063037683677785,0.16975876287933986,-0.9854856480059342,0.002456464169564899,0.8463425138995179,0.5326390420972202,1.3750268617928947,0.18064698320844255,-0.9835479995697661,1.4199804233650306,0.6191523031862486,-0.7852709248782638,2.3045560025015517,-0.40054430565242943,-0.9162773920649866,5.594858788462623,0.9404743224740081,-0.3398647506980614,8.557909016083565,-0.014670370155903197,0.999892384329178,112.32203749421146,71.5798206568837,81.46131480122315,100.03081754096586,20.048425445472027,34.02368305719529,79.92654152581218
2025-09-16,8,9,14,37,39,1,9,1.0,-1.0,-1.8369701987210297e-16,-0.9648061359537644,-0.2629622026565152,1.0052621903388925,0.10239396249901614,-0.9947439250599875,0.0025392738184245684,0.9158883472427567,-0.40143310200447035,1.393155506924617,0.052533904519717046,-0.9986191410522398,1.4401063433315633,0.5503176399408216,-0.8349553851374121,2.3172938838736394,-0.44255312175227024,-0.8967422898622103,5.540621566170037,0.9367040223183157,-0.3501222280471324,8.549872910907679,-0.0200230576947903,0.9997995184838564,60.54712369641929,74.48432595684412,85.20400610990558,103.90853033939845,23.943953386877183,30.135812189301806,76.04254414800374
2025-09-19,9,37,40,41,46,1,12,0.0,-1.0,-1.8369701987210297e-16,-0.9770638564833508,-0.21294651993841573,1.004457696598274,0.05143171143296384,-0.9986765137215736,0.0026091032362075273,0.4541130585109394,-0.89094406675719,1.3983534440011605,-0.04118156488273218,-0.9991516795330974,1.4547172422775583,0.4958949056452998,-0.8683825439027659,2.32633392702228,-0.4736169073885075,-0.8807309606433431,5.498851151775264,0.9339288976686474,-0.3574588285375326,8.547037994138122,-0.024076147634515193,0.9997101275445203,24.09821342148912,76.68894940193029,88.01828218064738,106.8227232259949,26.872110148306177,27.2150723576321,73.12348336636536
2025-09-23,7,18,31,32,33,10,11,1.0,-1.0,-1.8369701987210297e-16,-0.9893724130196829,-0.14540367380369032,1.0033491789864388,-0.01684082212737679,-0.9998581832990487,0.002689308034887555,-0.3825699884153714,-0.9239265143743103,1.3958765533244266,-0.16134658969780075,-0.9868978052427159,1.4735458262379035,0.42001192672454774,-0.9075185846081243,2.3376952374342643,-0.5143548664643124,-0.8575774433510244,5.441845299435414,0.9303226293740715,-0.36674215093784074,8.547552104248297,-0.029492896939748037,0.9995649898981563,21.72107296642272,79.65761992073296,91.77871987253766,110.71541317427068,30.784285838564568,23.315898899106426,69.22409829832722
2025-09-26,12,24,26,35,48,1,2,0.0,-1.0,-1.8369701987210297e-16,-0.9955457941960382,-0.09427922177542443,1.0024941288620788,-0.0681066832119395,-0.9976780441113599,0.0027107054776324825,-0.8500215281596031,-0.5267479488951173,1.3878714340859666,-0.24712163618191527,-0.968984466816044,1.4871787685440858,0.3609075942270974,-0.9326015807563318,2.3456977745008607,-0.5443344639083686,-0.8388682801260213,5.398215988518262,0.9277043887616254,-0.37331564000510215,8.551161218015402,-0.03353800161535128,0.9994374429886288,54.461474359531856,81.9021552548089,94.60399219330344,113.63972570975069,33.72396708563251,20.38935174996041,66.29457581606388
2025-09-30,8,11,13,24,27,3,7,1.0,-1.0,-1.8369701987210297e-16,-0.9996684675143132,-0.025747913654988113,1.0013341124971782,-0.13627842457742828,-0.9906705764252284,0.0026382242578466236,-0.9593165676841321,0.28233264594576374,1.3699305612057524,-0.35492119920028314,-0.9348962201005162,1.5047110109367352,0.27963660155702047,-0.9601059165892273,2.3556866891827535,-0.5834485620589851,-0.8121500941521231,5.339044164388103,0.924351687049163,-0.3815415555996046,8.560245362892944,-0.038869348922250635,0.9992443013169303,98.53871198390964,84.91365255512312,98.37613448495252,117.54456311804557,37.65050397498983,16.48770694006278,62.38248325884313
2025-10-03,1,2,7,21,27,8,12,0.0,-0.8660254037844386,0.5000000000000001,-0.999668467514313,0.025747913654988634,1.0004599453864977,-0.18709202049311605,-0.9823423923804793,0.002521823296082999,-0.5682417508221164,0.8228616606833835,1.3514332221439282,-0.43047341716994647,-0.9026032556500276,1.5173822060530815,0.2171586261533305,-0.9761363281259426,2.3626797365687726,-0.6120771256109732,-0.7907980730273747,5.294031534434503,0.9219561593936704,-0.38729425525828953,8.57022704275078,-0.04279573521829157,0.9990838428516027,134.55324948445346,87.18302001143755,101.2082081747853,120.47722922360607,40.60053142400784,13.565837518832845,59.44408987571833
2025-10-07,10,22,38,42,48,2,9,1.0,-0.8660254037844386,0.5000000000000001,-0.9955457941960382,0.09427922177542405,0.9993064528417295,-0.25416930433388696,-0.9671597410637128,0.00240874453909543,0.3905070875997988,0.920599920994089,1.3203906453324503,-0.523740140130851,-0.8518780814269825,1.5336474297706895,0.13231046726100265,-0.991208323337317,2.3713634541625295,-0.649216149771213,-0.7606039645414964,5.233337061661728,0.9189426103314006,-0.3943912764214134,8.58768890824714,-0.04789943996052156,0.9988521630609148,171.21928168893277,90.21868390845302,104.98733452353251,124.39282400817494,44.54106872328838,9.689490141248276,55.520364207602796
2025-10-10,4,5,24,31,41,3,12,0.0,-0.8660254037844386,0.5000000000000001,-0.9893724130196829,0.14540367380368996,0.9984578461719146,-0.3038051950630979,-0.9527341725017913,0.00243126246271479,0.9264940621445725,0.3763093844310143,1.292418276897769,-0.5878705106150851,-0.8089550437132826,1.5453732487403666,0.06785687648687891,-0.9976950657958795,2.377412136816515,-0.6762378661127391,-0.7366833433947649,5.187417809855984,0.916832686644892,-0.399271617698415,8.60384585309628,-0.0516060866767965,0.9986675181550199,129.6006930868192,92.50006167841998,107.82360766655003,127.33388151429195,47.50248154497481,6.82471876721171,52.57273346394828
2025-10-14,8,12,13,49,50,2,4,1.0,-0.8660254037844386,0.5000000000000001,-0.9770638564833509,0.21294651993841537,0.9973438777721618,-0.3688452765838405,-0.9294908078845052,0.0025514912692254713,0.8289413790414834,-0.5593354897669232,1.2488436266393097,-0.6653424385524094,-0.7465383040816683,1.5603631782298715,-0.01865555271124339,-0.9998259700333043,2.3848673295645595,-0.7110728765689608,-0.7031183145160873,5.1258282590056465,0.9142424393294432,-0.4051675728991023,8.629388716161229,-0.056354251982410855,0.9984108364213116,77.65958474375213,95.54397286837997,111.60716143068254,131.2614325441466,51.459928909951685,3.276041877081909,48.63560685633651
2025-10-17,18,21,34,35,46,2,3,0.0,-0.8660254037844386,0.5000000000000001,-0.9648061359537647,0.262962202656514,0.9965135600834725,-0.4165943879336151,-0.9090924683123366,0.0026362151349374023,0.3003866730839106,-0.953817512228403,1.2113620305267858,-0.7172397317829116,-0.6968264971655261,1.5711123184106188,-0.08360684058213329,-0.9964988189696332,2.389999214624279,-0.7362442645571944,-0.676715880489468,5.079493088325899,0.9124825486005531,-0.40911562974230054,8.65148039021595,-0.059747226942728916,0.9982135387143645,42.102963558699784,97.82521235781,114.44508980983521,134.211302170214,54.4347674808408,2.0993117894203235,45.677811361189576
2025-10-21,6,21,30,40,46,3,4,1.0,-0.8660254037844386,0.5000000000000001,-0.9444892287836614,0.3285423819108344,0.9954064638746503,-0.47862088985389106,-0.8780216647642981,0.002704974400721882,-0.517149538307063,-0.8558950607573288,1.1548120428957966,-0.7778919518430698,-0.6283980516024689,1.5847807734476398,-0.16975455135365955,-0.9854863734698303,2.3962263118854734,-0.7684424637442202,-0.6399188854180762,5.017735166995464,0.9104012301758408,-0.4137264798079955,8.684722845363506,-0.06401432259950356,0.9979489799093573,4.358397329540251,100.85915868865153,118.22678435292735,138.1486251363545,58.409701799307186,4.855452641529953,41.728677910986434
2025-10-24,12,13,27,42,43,3,4,0.0,-0.8660254037844386,0.5000000000000001,-0.9263239682514949,0.3767278936351853,0.9945768224949794,-0.5237317276970741,-0.851883253388302,0.0027154116221873477,-0.9188178137460057,-0.3946819290808872,1.107384897050575,-0.8167830895427549,-0.5769448714019321,1.5945362392362532,-0.23365346224340036,-0.9723199368426382,2.4004378531507227,-0.7915060362718654,-0.6111613490275709,4.971588146117031,0.9090523227247733,-0.41668198251027677,8.712388768997638,-0.06700104856606892,0.9977529050276162,35.484072730206826,103.12478386931221,121.05921131907927,141.10335362055702,61.39673128904326,7.666262911893593,38.76392634376187
2025-10-28,3,4,22,45,50,9,12,1.0,-0.8660254037844386,0.5000000000000001,-0.898291751554753,0.4393995096591413,0.9934796860694554,-0.581743883001879,-0.8133720271744634,0.0026448516774543345,-0.9073175998588008,0.420445921595709,1.037544722899495,-0.859544006148211,-0.5110617394157816,1.6068917080747473,-0.3173634113493613,-0.9483039940529071,2.405453992580557,-0.8207205029970328,-0.571329901160702,4.910520407217229,0.9075533538577485,-0.41993679274570866,8.752741878546278,-0.07067076228065963,0.9974996959190867,79.31660161060981,106.12616728690296,124.8269339372005,145.04279215773718,65.38644533392647,11.559071109507723,34.80908132871461
2025-10-31,5,11,40,41,47,1,5,0.0,-0.8660254037844386,0.5000000000000001,-0.8744809578310401,0.4850598461951956,0.9926730677273704,-0.62348320788925,-0.7818367409377294,0.002529022755509191,-0.4464106018200967,0.8948282374750023,0.980583528309908,-0.8845604182966464,-0.46642562792246095,1.6156789112189358,-0.37866849953759774,-0.9255323697515632,2.4087806713198754,-0.8414188928277939,-0.5403834257195992,4.865225373917655,0.9066634215850109,-0.42185476168909214,8.785470046440754,-0.07317197975299307,0.997319337714369,114.90954952698335,108.35804593680703,127.64319439121284,147.99511149663107,68.38359156295061,14.517912441646509,31.843189344251158
2025-11-04,3,21,22,33,39,1,9,1.0,-0.5000000000000004,0.8660254037844384,-0.8391377545563939,0.5439189543287245,0.991637344485057,-0.6765434158758951,-0.7364027474385031,0.0023947145972572615,0.5164945735381017,0.8562904621129996,0.9000304809258152,-0.908015029808774,-0.4189375915830079,1.6267723802893155,-0.45792464785644216,-0.8889910105763463,2.412663907286431,-0.8673162849090159,-0.4977574328240843,4.805735734572297,0.9058006149532393,-0.42370419628596256,8.832182311421475,-0.07615153802095898,0.9970962557632249,167.9933621435844,111.3013047593164,131.38068098833574,151.92458278207363,72.38608934992314,18.488319024057184,27.891855618079713
2025-11-07,13,19,22,35,40,2,8,0.0,-0.5000000000000004,0.8660254037844384,-0.8100248628547756,0.5863955333706952,0.9909010999598723,-0.7142476522066626,-0.6998930570574838,0.0024063067772313374,0.973917052774291,0.22690432855157,0.8383859160197071,-0.9175486762818916,-0.3976234734687434,1.6346334280917942,-0.5151664789585331,-0.8570901346751503,2.4151828131906563,-0.8854102238672197,-0.4648104296069527,4.7619469963744505,0.905402662188328,-0.4245539062384051,8.869380521036192,-0.07810795160039849,0.9969449071522407,148.329611408738,113.47934879837568,134.16693515897825,154.86283569731475,75.39303610338976,21.478854150940663,24.93325170104934
2025-11-11,8,24,25,41,50,8,9,1.0,-0.5000000000000004,0.8660254037844384,-0.7678804460366002,0.640593178698175,0.9899741575313803,-0.7615278945321668,-0.6481321361029748,0.00254718485426218,0.7220368840804992,-0.6918545642165872,0.7608538141960746,-0.9175267768675565,-0.39767400434405215,1.6445001368163332,-0.5880773143995721,-0.8088047182655321,2.4180339836678115,-0.9076881589781334,-0.41964533364602874,4.7048921490660325,0.9052122960657782,-0.4249596440267261,8.921662010236355,-0.08032975765244564,0.9967683432149615,95.81537139544778,116.33627380322525,137.85254313770702,158.75991562434032,79.40986001777563,25.479607666653155,21.001131088601333
2025-11-14,3,5,20,30,37,6,12,0.0,-0.5000000000000004,0.8660254037844384,-0.7338853664321989,0.6792733388972934,0.9893124702726032,-0.7946053682318058,-0.6071262708672689,0.0026495748334415333,0.1393616805049525,-0.9902415473039068,0.7134320781325838,-0.9055071238091933,-0.42433106029467393,1.6514322473219138,-0.6398848784232174,-0.7684707817251768,2.4197936531881434,-0.9229601071991607,-0.3848956228887435,4.663266838552288,0.9053285485935798,-0.42471192484017006,8.962741833151691,-0.08169550591049914,0.9966573354538799,60.63022495917177,118.43722970510991,140.58796974178924,161.6560641242028,82.42826547863328,28.48879006726968,18.069792720816405
2025-11-18,19,25,27,41,49,3,9,1.0,-0.5000000000000004,0.8660254037844384,-0.6855476064742156,0.7280278011569846,0.9884655903100638,-0.835331754785421,-0.5497461772919474,0.002714381272233756,-0.6430936405896933,-0.7657875484970321,0.6788732087729472,-0.8704730169912355,-0.492216138185428,1.6600458604214805,-0.7046818039801959,-0.7095234704639564,2.421636259564125,-0.9413329750668288,-0.33747922906726147,4.609584053568929,0.9058303068723451,-0.42364071470003106,9.01977317632924,-0.08310182091832638,0.9965410615524372,17.106571609382907,121.17181206941859,144.18290667328316,165.4496757888196,86.45997972932423,32.510701415752,14.20950250577418
2025-11-21,15,24,30,45,50,5,6,0.0,-0.5000000000000004,0.8660254037844384,-0.6471606673266065,0.7623536388483899,0.9878547258547362,-0.8632146337411596,-0.5048370985725156,0.0027128409270328886,-0.9687104812220736,-0.2481934801127914,0.6831472432586324,-0.8337544819375974,-0.5521353673230585,1.6660353670306116,-0.7497835246154466,-0.6616832068408853,2.4226449850906437,-0.9535712614209234,-0.30116747731471444,4.570868239141085,0.9064642987017946,-0.42228245899997285,9.064068571469988,-0.08383794883533142,0.9964794018619172,16.696052914061212,123.16411706790929,146.82687680668835,168.19775827715847,89.48852498189478,35.5332351107669,11.386430016127704
2025-11-25,1,23,30,35,46,4,8,1.0,-0.5000000000000004,0.8660254037844384,-0.5933267643772321,0.8049617075821959,0.9870759099727635,-0.8966682524480735,-0.44270311163545933,0.0026452179974091666,-0.8292376503773502,0.5588961613722638,0.730957610323083,-0.790178977376534,-0.6128761569127772,1.6734019613028164,-0.8048693702090784,-0.5934520173520699,2.4235061169091594,-0.967765857134473,-0.2518516344294367,4.521574141368384,0.9076446620751069,-0.41973940416235056,9.12489387377252,-0.08438672262551326,0.9964330790597654,60.30906431356354,125.72813350793605,150.25626399598053,171.56681014118902,93.53189585177996,39.5698720737714,7.856295573240199
2025-11-28,12,16,35,46,50,3,5,0.0,-0.5000000000000004,0.8660254037844384,-0.5511016400745998,0.8344381237138475,0.9865252799599267,-0.9188593073355404,-0.3945853181795426,0.002542826043074669,-0.30290066040815883,0.9530221350652361,0.7906927596748332,-0.774880782787044,-0.6321074058001045,1.6784719400258763,-0.8421551655009141,-0.539235270749353,2.423804028619837,-0.9767765442124446,-0.21426054857671328,4.4865229334377394,0.9087720816774859,-0.41729282711732396,9.171652015027457,-0.08447067757415108,0.9964259654536125,95.60818109609306,127.57107075896728,152.73150964318995,173.56864946302593,96.56774229925318,42.601395142043074,5.6719503105702165
2025-12-02,14,30,34,35,40,4,6,1.0,-2.4492935982947064e-16,1.0,-0.4925480679538645,0.8702852410301551,0.9858517138710828,-0.9444459837359279,-0.3286666758359833,0.002405146361682932,0.6320839543082662,0.7748999127022957,0.8858130562166712,-0.7821696567174253,-0.623065508683112,1.684644258796895,-0.8861818963933367,-0.46333750819970265,2.423767533193912,-0.9865532481993333,-0.16344016785155568,4.442586081047401,0.910580404893063,-0.4133319806460486,9.23524688632548,-0.08414463643565023,0.9964535514308293,148.15333363995165,129.9041706597667,155.85132260896108,174.4968006097462,100.61930019907568,46.64791449782514,4.625560158275116
2025-12-05,1,4,18,22,24,6,10,0.0,-2.4492935982947064e-16,1.0,-0.44709379298511437,0.8944870822287954,0.9854039549034602,-0.9605568942094325,-0.2780835359864533,0.00239708235002014,0.9962005547652331,0.08708877473843467,0.9595519624521147,-0.8033397956786141,-0.5955209254753712,1.6888457063551674,-0.9147475973723247,-0.40402578271882517,2.4234384375415243,-0.9921727428478186,-0.1248729288109967,4.411881738472015,0.9121511260557567,-0.4098540267402714,9.283707083877477,-0.08357270441776565,0.9965016824252234,167.83408114770134,131.5480515937085,158.00618947456525,173.40574429391498,103.66079686587983,49.68605659714032,5.902498175506514
2025-12-09,2,30,32,33,37,2,9,1.0,-2.4492935982947064e-16,1.0,-0.3846650997070013,0.923056206884176,0.9848892042402372,-0.977836327223085,-0.20937076482371594,0.002534160002345833,0.6072188372871814,-0.7945346333820845,1.0529030919374982,-0.842534712988602,-0.5386420494254175,1.6938839628799034,-0.9466577235779666,-0.3222408329032528,2.4226216781363727,-0.9973354600896072,-0.07295190229083476,4.374153036673594,0.9145082373975747,-0.40456727961116834,9.34910005649948,-0.08237591178718562,0.9966013290966603,115.29035800692485,133.57835048704752,160.5302222596384,170.52095838225276,107.72048984672163,53.741714527126014,9.030879724337739
2025-12-12,2,25,27,37,50,2,11,0.0,-2.4492935982947064e-16,1.0,-0.3366372842469107,0.9416343976591258,0.9845584794795571,-0.9875878103838153,-0.15706787316730728,0.0026490944897270387,-0.017223626807609308,-0.9998516623377651,1.1165223268487303,-0.8746431000103118,-0.4847674159886901,1.6972354321621848,-0.9658189070481065,-0.2592177439690445,2.4217310717428595,-0.9994315795011912,-0.03371228108203405,4.348414542733457,0.9164553395106069,-0.4001369898953335,9.398564790229338,-0.08115404075915826,0.9967015710173537,79.98008438600746,134.9648872528326,162.06716310520673,167.90558618717722,110.7687106548845,56.787173773367115,11.758362963805705
2025-12-16,12,22,28,30,31,4,11,1.0,-2.4492935982947064e-16,1.0,-0.27123391067291097,0.9625134626077079,0.9841794821463734,-0.9962437770295587,-0.08659293695145734,0.0027151928852069606,-0.7526738334690378,-0.658393575614938,1.1914147886500022,-0.9156013903104057,-0.40208717221723467,1.701127067628645,-0.9848401248894205,-0.17346448745432216,2.4201765429655278,-0.9998216168550407,0.01888741563507851,4.31772644811632,0.9192600397662627,-0.39365083422867175,9.464823449905998,-0.07909563562680347,0.9968670324696227,36.45905072825224,136.60850447843822,163.47561812943806,164.17423891550473,114.83714056358352,60.85220390941557,15.583211298240737
2025-12-19,8,9,15,35,45,2,5,0.0,-2.4492935982947064e-16,1.0,-0.22132528438243296,0.9752000402445824,0.9839363086294328,-0.9994424824608857,-0.03338748646457374,0.0027009759079752635,-0.9954677173101459,-0.09510007252009504,1.2400554128432033,-0.9425896001685943,-0.33395335850086855,1.7036109454441695,-0.9941264351176206,-0.10822490933390194,2.41874018565501,-0.9982896358722642,0.05846197832798965,4.297572165203838,0.9214965394449989,-0.3883865700444489,9.514567857835718,-0.07723344221777541,0.9970130367267991,6.030804020358327,137.67098736339022,163.9435898305907,161.28258188863072,117.89094037970622,63.903627461421806,18.521346494733724
2025-12-23,24,29,35,40,41,6,7,1.0,-2.4492935982947064e-16,1.0,-0.1538905767040627,0.9880878960910771,0.9836642262173872,-0.9992886520982114,0.03771193163628577,0.002630711514312814,-0.7246996157756125,0.6890649221188665,1.2952993661741623,-0.9714789405891182,-0.23712584842619877,1.7063448011462548,-0.999788735007089,-0.020554448494787148,2.4164772341551806,-0.9937908560849168,0.11126425464635127,4.27469638457704,0.9246184563630139,-0.380894618172635,9.580696821852188,-0.07433351564510098,0.9972334372913092,41.4497443691202,138.8372871836193,163.69820239671662,157.36044707622773,121.96481970146924,67.97452370807949,22.48765327693167
2025-12-26,15,21,26,29,42,4,12,0.0,-2.4492935982947064e-16,1.0,-0.1028209971373608,0.9946998756145891,0.9835021803298528,-0.995855971524895,0.09094440047747537,0.002548359607422423,-0.13604404189386238,0.9907027902782858,1.3299386269989275,-0.9869290969162928,-0.16115507332997858,1.7079670754474199,-0.9989718707013514,0.04533433078189734,2.414533184244868,-0.9885639677191183,0.15080212772847082,4.260639457251226,0.9270380385505786,-0.37496729868122625,9.629968595690148,-0.07185259106444582,0.9974152621437701,76.9649410042768,139.50973264154516,162.8848367026894,154.3882061266866,125.02099836964864,71.02857740779862,25.484531589303675
2025-12-30,10,18,20,23,27,1,6,1.0,-2.4492935982947064e-16,1.0,-0.034327600513243496,0.9994106342455052,0.9833540776469328,-0.9868739179648015,0.16149263153717616,0.002433052619387624,0.7447976322305638,0.6672904068123158,1.3676629568898053,-0.9983897636746705,-0.05672635886107576,1.7095737615923812,-0.9911407932314842,0.1328153906460552,2.411641392822454,-0.9791164283332002,0.20330031915380065,4.246144232304571,0.9303286353653296,-0.3667269150461738,9.69498374403469,-0.06814887322100778,0.9976751631060617,128.69535173099857,140.11898289128294,161.0930789437656,150.4000191043714,129.09591525792803,75.10077751899624,29.49824602239482
2026-01-02,10,15,29,34,38,2,9,0.0,0.49999999999999994,0.8660254037844387,0.034327600513243496,0.9994106342455052,0.9833051932093636,-0.9768593557068451,0.21388267617553192,0.002412915016059415,0.9985988915777432,-0.05291742378180142,1.389951033408612,-0.9997311681914257,0.023186016186643423,1.7103738186537087,-0.9802468913054185,0.19777773405027918,2.4092715489129515,-0.9701712706055248,0.24242051417250468,4.238512231596684,0.9328187468459357,-0.3603459248177758,9.743080557308273,-0.06508346374612928,0.9978798237998433,169.57963893140814,140.35182218966298,159.33366756842094,147.39603564218154,132.15183611672077,78.15472970890454,32.51750488337075
2026-01-06,21,23,30,33,38,8,12,1.0,0.49999999999999994,0.8660254037844387,0.1028209971373604,0.9946998756145891,0.983332117390012,-0.9591895453317802,0.2827638875921263,0.002526641108450892,0.49101024731622434,-0.8711537964277377,1.412012169299707,-0.9913998429257993,0.1308676867935717,1.7109111191250508,-0.9591198662979344,0.2830001450046137,2.405871433751368,-0.955769661183465,0.2941162266200976,4.232713634227466,0.9361325024247138,-0.35164746253036333,9.80611798119413,-0.06062598514222008,0.9981605531804667,135.82554764467926,140.35692995157518,156.58591844415616,143.37854950952044,136.22637937129167,82.2267203185516,36.55172482596731
2026-01-09,1,17,19,25,41,6,12,0.0,0.49999999999999994,0.8660254037844387,0.15389057670406178,0.9880878960910772,0.983417108190078,-0.9427467752395952,0.3335093968321496,0.0026419361556869574,-0.16155673019155684,-0.986863426685685,1.4229348861300082,-0.9773049738183693,0.21183717367326357,1.710913903732543,-0.9384133155476263,0.3455147597468322,2.403148776848189,-0.943120068377531,0.33245230729167935,4.231681739235898,0.9385897964294806,-0.3450350620422021,9.8524392697537,-0.05701349331960896,0.9983734078887994,100.17492476745743,140.1317069617427,154.30413013250936,140.35839513250173,139.28252618771424,85.28099828051211,39.58240214714153
2026-01-13,2,16,27,33,47,6,12,1.0,0.49999999999999994,0.8660254037844387,0.22132528438243257,0.9752000402445825,0.9836035336811704,-0.9166586591067706,0.39967099304875425,0.002709897652175063,-0.8410545771644911,-0.5409502733437328,1.429990076114364,-0.9477141128474352,0.3191206046462666,1.7103725272059502,-0.9044963247204094,0.4264814164383621,2.3992918676393327,-0.9238081044331732,0.3828558295018994,4.234760878462597,0.9417959113105547,-0.3361851594563949,9.912715631523774,-0.051850190173120855,0.9986548742078072,56.451034566536805,139.53244928242523,151.0524790182909,136.3247090057815,143.3574653280676,89.35349925453843,43.6281172994864
2026-01-16,8,16,37,39,48,5,11,0.0,0.49999999999999994,0.8660254037844387,0.27123391067291003,0.9625134626077081,0.9837898688744311,-0.8940450830956953,0.4479769964991632,0.0026835836656409974,-0.9985003030758826,0.05474618486589391,1.4295062592775696,-0.9172182287027641,0.39838514145907067,1.7095501818514611,-0.8744735474692801,0.48507320558498473,2.396232122558415,-0.9075088595021312,0.420032939095425,4.240413172136887,0.9441265803575496,-0.329583070351557,9.956664786062097,-0.04772714098765465,0.998860410674657,23.917523525688686,138.86730826647013,148.49785029525964,133.29594543777034,146.41322022837383,92.40746407387878,46.664732954671436
2026-01-20,16,26,32,37,45,2,3,1.0,0.49999999999999994,0.8660254037844387,0.33663728424691025,0.9416343976591259,0.9840916646267496,-0.8599637281018275,0.5103551570712361,0.002600719254409806,-0.6004399795771438,0.7996698261941607,1.4207218650324038,-0.8652430841261667,0.5013525759102464,1.7078900885972121,-0.8285854635524971,0.5598625988485867,2.3919378999304315,-0.8833940870562962,0.46863086427802947,4.252374262620705,0.9471071568238495,-0.32091748704775225,10.013379046178995,-0.041910917021465016,0.9991213515056216,22.45565299333991,137.7103723624926,144.97982891372735,129.255163035047,150.4858843080236,96.47779653841621,50.71476974826846
2026-01-23,18,36,39,45,50,6,9,0.0,0.49999999999999994,0.8660254037844387,0.3846650997070012,0.9230562068841761,0.9843564092011035,-0.8315611806369948,0.5554331668685326,0.002535068165417774,0.04464234763275914,0.9990030334277449,1.407552727334304,-0.8176822000410583,0.575669887814201,1.7062198291097135,-0.7899776715542801,0.6131356117904733,2.3885665752780336,-0.863553355045159,0.5042574768808586,4.264615007081618,0.9492302644683897,-0.31458211172485806,10.054366666573127,-0.037321121717363015,0.9993033242583343,58.84032811230274,136.65457379545856,142.2782557472164,126.22421685947141,153.5382316810411,99.52844617116459,53.75191366112143
2026-01-27,13,18,19,29,32,8,9,1.0,0.49999999999999994,0.8660254037844387,0.44709379298511387,0.8944870822287956,0.984767478336865,-0.7900762984708005,0.6130085175547552,0.0024613417896844386,0.8503792432700278,0.526170260101704,1.3802279660712682,-0.7428960434294969,0.6694068035632735,1.7034302770623768,-0.7332439985138443,0.6799656157802609,2.3838952208583053,-0.8348150726562545,0.5505304664284552,4.285185264220797,0.9518904568327891,-0.3064385063771592,10.1067739634761,-0.030916096004671528,0.9995219832539102,110.36081840035168,135.01939320524636,138.61427504772507,122.18431964024916,157.6039217959748,103.5919751608949,57.79926760605281
2026-01-30,8,13,15,17,37,3,7,0.0,0.49999999999999994,0.8660254037844387,0.4925480679538643,0.8702852410301553,0.9851288044205675,-0.7563781440077733,0.6541346216700016,0.0024486146665481565,0.9787916636817819,-0.20485819267739663,1.3515227606095173,-0.6785755108343459,0.7345306502086257,1.7009236639882794,-0.6869991791641848,0.7266581918809808,2.380280655409436,-0.8115904021790972,0.5842268558452027,4.303703423730858,0.9537467089840834,-0.3006114021490703,10.144292560273612,-0.025911019593214284,0.9996642531688528,150.66567539216794,133.63877881376783,135.8307680855385,119.15620521618996,160.64960987824253,106.63617150982155,60.83247088972646
2026-02-03,3,20,27,37,44,1,2,1.0,0.8660254037844386,0.5000000000000001,0.5511016400746002,0.8344381237138473,0.9856919022474873,-0.7081922969564867,0.706019596421725,0.0025365589644940852,0.36981684439858664,-0.9291046774174972,1.300732223060805,-0.5829439954074616,0.8125123372714936,1.6970372779115726,-0.6208020483173494,0.7839673569766686,2.375339083242765,-0.7784619410734577,0.6276918083742566,4.332360225024198,0.9560250250387802,-0.29328510275770875,10.191801762298233,-0.01898669374730236,0.9998197364828053,156.61620595107013,131.6156566561631,132.08338313767229,115.1213970236182,164.70571537116194,110.69063216756314,64.87352676867579
2026-02-06,8,14,38,41,48,1,11,0.0,0.8660254037844386,0.5000000000000001,0.593326764377232,0.8049617075821959,0.986173485429454,-0.6697468828295863,0.7425894646034593,0.0026390095854383383,-0.2938542599791225,-0.955850236120765,1.2521317909063103,-0.5053341065503928,0.8629237745924702,1.6937115021239906,-0.5680325234221837,0.8230061071065186,2.3715487352602653,-0.7520424100717656,0.6591147194938453,4.356719995854933,0.957580549952786,-0.2881657341741382,10.225459274081524,-0.013616274510215529,0.9999072942370519,120.80890681446819,129.9766157564347,129.25140181589808,112.09720407459258,167.74422895730598,113.7284434445438,67.90208518003321
2026-02-10,12,19,34,39,47,4,5,1.0,0.8660254037844386,0.5000000000000001,0.647160667326606,0.7623536388483904,0.9868819473928688,-0.6156248816167337,0.7880393423772589,0.002704141807971494,-0.9081871883026761,-0.4185642495518216,1.1721442456149356,-0.39803892259564766,0.9173685279640326,1.6887143788713959,-0.4939500351514995,0.8694902890624094,2.3663829719173193,-0.7147985375426981,0.6993304302880149,4.392854743222292,0.9594438587800607,-0.28189977270162336,10.267570384338327,-0.006235476633315626,0.9999805592266059,76.80310805655807,127.64954784062174,125.45336645954966,108.06766746032432,171.78978158793063,117.77490154973405,71.93711576417367
2026-02-13,1,21,44,45,46,2,7,0.0,0.8660254037844386,0.5000000000000001,0.6855476064742154,0.7280278011569848,0.987452939913335,-0.5730442460012778,0.8195244304624646,0.0026680497253730763,-0.9807604270556703,0.19521522666426178,1.1009396529943305,-0.3191743039155751,0.9476960291781369,1.6845320691215881,-0.4359128297367197,0.8999888915264042,2.362423463951301,-0.6854130768464917,0.7281544575760183,4.422569273753539,0.9606801018162578,-0.27765759844510723,10.29698932608532,-0.0005461350746114833,0.9999998508682291,43.96004218740535,125.81095857312403,122.59204440532937,105.04795939391772,174.81639812864702,120.80650965996092,74.96075244398219
2026-02-17,8,23,39,40,44,6,7,1.0,0.8660254037844386,0.5000000000000001,0.733885366432199,0.6792733388972931,0.988253545803615,-0.5138640311590325,0.8578716439427223,0.002563818945407571,-0.46768478724758483,0.8838953217305663,0.9941344427469784,-0.2255638464456969,0.9742283875850786,1.6783579069800136,-0.3557173564616432,0.9345935813560567,2.357030431661495,-0.6443940942265238,0.7646935669442878,4.46546410271873,0.9621104679314902,-0.2726599484644726,10.333202840475357,0.007226899288913225,0.9999738856223536,3.101640753683195,123.25253474525361,118.76467007878028,101.02586693968702,178.7854048591119,124.8435643568065,78.9878864170762
2026-02-20,11,17,23,36,40,5,6,0.0,0.8660254037844386,0.5000000000000001,0.7678804460366,0.6405931786981751,0.9888773380729077,-0.4678527783911638,0.8838064141833711,0.002503202842258413,0.22214470639439413,0.9750137072990043,0.909814765248528,-0.17178701242526398,0.9851341138961751,1.6732681769107156,-0.29380813763947977,0.9558644141596759,2.3529039409220665,-0.6123242903916077,0.7906067058888471,4.499933503874582,0.9630188421056302,-0.26943405454680625,10.358026195512348,0.013184238172610113,0.9999130841547219,40.818083235582506,121.26431462216418,115.88787819139772,98.01329146504604,178.03898283611196,127.8667557360309,82.00412552116182
2026-02-24,4,5,26,38,48,2,9,1.0,0.8660254037844386,0.5000000000000001,0.8100248628547753,0.5863955333706956,0.989741473810179,-0.40460875262296175,0.9144898891190055,0.0024744992861471336,0.934706404278682,0.355420789769559,0.8018647509808307,-0.13277720050577638,0.991145910058579,1.665862514590072,-0.20943684093955459,0.977822176910127,2.34730858570677,-0.5679380631937417,0.8230712948315847,4.548704007922742,0.9640112095685862,-0.26586159524480285,10.38791512200426,0.021277668596987032,0.9997736047821411,93.03441084050301,118.53514809907558,112.04763321156081,94.00317822714084,174.04868449011886,131.89028466520813,86.01900342856653
2026-02-27,7,17,19,28,47,2,7,0.0,0.8660254037844386,0.5000000000000001,0.8391377545563938,0.5439189543287247,0.9904214574921428,-0.355939796688002,0.9345088876697234,0.002487989316238949,0.92937971823465,-0.36912509984296976,0.7318207690183506,-0.13246133286837178,0.9911881735042718,1.6598456658417344,-0.1451515726936019,0.9894094303899544,2.3430580798967076,-0.5335083137293372,0.8457948209711852,4.587212398186134,0.9645928811373132,-0.26374338600089514,10.407879536841632,0.02744717088948817,0.9996232554368487,132.39194367593976,116.43819160692192,109.16606756075007,91.00116671743349,171.03938992937776,134.90183041762367,89.02452618872498
2026-03-03,1,9,14,35,49,2,10,1.0,1.0,6.123233995736766e-17,0.8744809578310397,0.4850598461951962,0.9913816178670287,-0.2896644523957655,0.9571282594398001,0.002564586597820229,0.2349149610490654,-0.9720159263485944,0.6621382513860543,-0.16873234969435222,0.9856619066224599,1.6512113783717324,-0.058625731039509126,0.9982800326862614,2.337338583242996,-0.4861989813861802,0.8738481278225873,4.640879097526379,0.9651548421933933,-0.2616794424303256,10.431179766527208,0.035787718169356185,0.999359414439185,176.67748485523353,113.58620188050973,105.32400608781167,87.00597743798389,167.03008621730032,138.90903894314368,93.02436678351556
2026-03-06,8,17,26,31,47,1,6,0.0,1.0,6.123233995736766e-17,0.8982917515547528,0.4393995096591417,0.9921425655948831,-0.23909690220114876,0.9709957112973333,0.0026476060933907433,-0.4200274877275198,-0.9075113826026141,0.6311297160487908,-0.21498595997465508,0.9766171394224945,1.6442749854498968,0.0065187434623404285,0.9999787527661136,2.3330144441338603,-0.4497457083369725,0.8931566479808986,4.682708643193364,0.9654181853867532,-0.260706208833907,10.446134120395062,0.04211773359025251,0.9991126545676521,141.17396883906363,111.4114320059585,102.44325234650174,84.01490626924655,164.02711614990108,141.90858234008593,96.01894497084784
2026-03-10,2,3,17,18,28,4,10,1.0,1.0,6.123233995736766e-17,0.926323968251495,0.3767278936351851,0.9932017550881979,-0.17078760575423696,0.9853078674813955,0.0027027439322638612,-0.9566695141926668,-0.29117596160117165,0.6182015311874796,-0.28236483585823485,0.9593070934120899,1.634399249129327,0.09318641578841637,0.9956486789588527,2.327197832945941,-0.3999704024829623,0.9165280558376907,4.740354696827319,0.9655605887044745,-0.2601783033626528,10.46266220812536,0.05064094740490087,0.9987169240810602,97.06473777028717,108.47221599621425,98.60433443175869,80.03357549665792,160.0289264971321,145.90037846174778,100.00503532357726
2026-03-13,7,23,37,44,47,2,6,0.0,1.0,6.123233995736766e-17,0.9444892287836613,0.32854238191083485,0.9940194205052207,-0.119074874126556,0.9928852775380169,0.002660222451159057,-0.9450956716803443,0.32679377498826206,0.6269559731630432,-0.32449267153399275,0.9458882101605518,1.6265092075992653,0.15768629997932826,0.9874892560422261,2.322790329486184,-0.3618498153626247,0.9322364030234146,4.7848332480257145,0.965511665726189,-0.2603597959490673,10.472466574647095,0.05708429589039109,0.9983693620913546,64.15588224321931,106.24329159271755,95.72754496802582,77.05267652964746,157.0347743168802,148.88834876223373,102.98960255308864
2026-03-17,12,13,16,17,37,4,11,1.0,1.0,6.123233995736766e-17,0.9648061359537645,0.2629622026565149,0.9951245247498455,-0.04975959260727315,0.9987612241890241,0.0025328118324859793,-0.33453812413000267,0.9423822173107783,0.6569581887454967,-0.3588966652959172,0.9333772997236811,1.6153235648767459,0.2424985133199745,0.9701517773202305,2.316843184171866,-0.3101070614477343,0.9507016411263058,4.845554658365599,0.9652392325189341,-0.2613679858097758,10.482040856764254,0.06572580273706112,0.9978377217035689,16.692797899377354,103.2457468525621,91.89648814937009,73.08535637262699,153.04898196449133,152.86364166105565,106.96199218414549
2026-03-20,2,17,21,25,30,2,6,0.0,1.0,6.123233995736766e-17,0.9770638564833508,0.21294651993841582,0.9959548016033078,0.0023075590540739114,0.9999973375820618,0.0024632977058400337,0.38181560134668374,0.924238522551549,0.6889700435186541,-0.3666794438058986,0.9303473466884273,1.6064205142241657,0.30486662975516043,0.9523950535684915,2.312325088571321,-0.2707109424200577,0.9626606804342037,4.891987817698453,0.9648793877770936,-0.2626932946287382,10.486576582876362,0.07223212889249193,0.9973878481090785,22.589901678405667,100.9829535605818,89.02792868467358,70.11586602144168,150.0649834467293,155.8375141247551,109.93544768416521
2026-03-24,9,15,23,43,48,3,5,1.0,1.0,6.123233995736766e-17,0.989372413019683,0.14540367380368976,0.9970592960226995,0.07155109708413479,0.997436935603478,0.0024673766503115016,0.9853705491174317,0.170425587668082,0.7393918161667811,-0.35488246408535185,0.9349109244653786,1.593850636115454,0.3858648902637233,0.922555302657659,2.3062275203434734,-0.21754407110708884,0.9760504992704803,4.954831852766157,0.964191975169138,-0.26520526959213364,10.489087940811421,0.08092121815879146,0.9967205006679141,76.14113189746033,97.95289735952589,85.21158871993492,66.16576070213893,146.09452841131804,159.7899911257789,113.89110326369104
2026-03-27,21,23,25,38,40,7,11,0.0,1.0,6.123233995736766e-17,0.9955457941960382,0.09427922177542453,0.9978914856233321,0.12315965939857373,0.9923868692686473,0.0025157288132712243,0.846330697789093,-0.5326578169705454,0.7806459731704478,-0.33157512022381314,0.9434288206582221,1.5838984826833984,0.4446625123463927,0.8956981914204104,2.301608842648867,-0.17728851795027853,0.9841589208064894,5.002495310243253,0.9635207078116859,-0.26763379012760696,10.488330406558816,0.08743551916929997,0.9961701812379223,115.07093101307049,95.67465441245449,82.35687213214518,63.21073486213454,143.12335659509662,162.74247978464038,116.85053283557734
2026-03-31,5,15,18,20,35,7,8,1.0,1.0,6.123233995736766e-17,0.999668467514313,0.025747913654988658,0.9990175706464323,0.19127948992854435,0.981535611545845,0.0026004574020037077,0.08245324568143061,-0.9965949339007286,0.8379592402294017,-0.28424958569817604,0.9587503183991207,1.5699360937389972,0.51999855718107,0.8541671385212648,2.295401896176074,-0.12324642145721043,0.9923760978570532,5.066527681955562,0.9624178338599931,-0.2715730345012897,10.483828912749626,0.09610293323886958,0.9953714011477752,164.17536708239854,92.63447397686559,78.56172606611749,59.28096650716774,139.17062577176515,166.65786536663379,120.7865853276506
2026-04-03,9,10,18,22,37,1,11,0.0,0.8660254037844387,-0.4999999999999998,0.9996684675143132,-0.025747913654988314,0.9998774073408566,0.24168434647860149,0.970354923039612,0.0026663998602955105,-0.5443888892216323,-0.8388329614959329,0.8817002160590914,-0.23827781912706472,0.9711970350613978,1.5589476513838774,0.5739114342781705,0.8189173741011807,2.2907105338954117,-0.08253137835068254,0.9965884665134032,5.114772926136772,0.9614339691572001,-0.2750358575724845,10.477854642095684,0.1025783287225292,0.9947249300567935,160.55882102782394,90.35545804904869,75.72412763494123,56.341112953005364,136.21225095712887,169.57025135018094,123.73154055544288
2026-04-07,2,4,16,23,27,5,8,1.0,0.8660254037844387,-0.4999999999999998,0.9955457941960382,-0.0942792217754244,1.0010385676026017,0.3077408100831177,0.9514702274949997,0.0027062456461397614,-0.9878461568253435,-0.15543477875108525,0.9401394148349443,-0.1650277397640897,0.9862889257759898,1.5436047399809085,0.6419391736643077,0.7667555655586633,2.28439617641224,-0.028135942392648335,0.9996041060068118,5.1792000208479045,0.95991078665434,-0.28030569324336985,10.466450876273882,0.11116340682514127,0.9938021417681833,116.75325279170661,87.32244435612313,71.95293472481994,52.43091686880838,132.27521943547598,173.38344383354388,127.64919326762497
2026-04-10,1,6,11,18,48,10,12,0.0,0.8660254037844387,-0.4999999999999998,0.9893724130196829,-0.14540367380368988,1.0019119788790085,0.356260965815319,0.9343864961761467,0.002660424790537171,-0.891168220566531,0.4536730129204103,0.9836718277765673,-0.10225566076772005,0.994758151432275,1.5315728500173857,0.6898098388984323,0.7239905981150023,2.279603978612645,0.012648252260379291,0.9999200076579915,5.227464583122526,0.9586075561266094,-0.2847306680654006,10.455337591539305,0.11755497457646859,0.9930663764081059,83.90195073259409,85.0548391856713,69.13437170241676,49.50544625895442,129.32767130266842,176.07606256504786,130.5808546309656
2026-04-14,13,22,32,46,47,6,7,1.0,0.8660254037844387,-0.4999999999999998,0.9770638564833507,-0.21294651993841593,1.0030639318691683,0.41935899048465036,0.9078204872658994,0.0025168710350693796,-0.20082399848727714,0.9796273381401635,1.0409073338396588,-0.009558779397462665,0.999954313824602,1.5148182822238954,0.7490849786495594,0.6624739200614537,2.2731190199984606,0.06687113472481869,0.9977616204989121,5.291550390143952,0.9566513996032685,-0.2912354711176294,10.437138090635397,0.1259977563203034,0.9920305264467669,36.38931741765401,82.0453916026014,65.39079765415147,45.61479590393795,125.40434058241617,177.86375551815271,134.48074486122147
2026-04-17,16,31,35,43,44,2,9,0.0,0.8660254037844387,-0.4999999999999998,0.9648061359537646,-0.26296220265651454,1.003906803485216,0.4653276896228087,0.8851384870574203,0.0024299928671795237,0.5187730261525989,0.854912011458767,1.0829631660799426,0.06579538802994118,0.9978331358067788,1.5017080003539218,0.7899054134713094,0.6132286994007373,2.2681708336734863,0.10732478661161277,0.9942240140827276,5.339280885602671,0.9550174087990043,-0.2965497410061851,10.420981296011332,0.13225863502405508,0.9912152407330982,5.403083190197206,79.80216634150267,62.59541221643139,42.70500905297658,122.46704550031956,175.92637279039218,137.39835870196995
2026-04-21,31,32,36,39,47,7,8,1.0,0.8660254037844387,-0.4999999999999998,0.9444892287836613,-0.32854238191083474,1.0049926846703816,0.5245820451079767,0.851359899190896,0.002445723944009685,0.9999449898695756,-0.010488910083240426,1.1373872915424135,0.17268751642513513,0.9849766604701446,1.483490455879663,0.839187982170573,0.5438414572101709,2.2614516299966736,0.16083627942426978,0.9869810997283374,5.402277813162158,0.9526122584384747,-0.30418725330419194,10.39616007946819,0.14049368161451228,0.9900815751373218,59.076367738311546,76.83515040605592,58.88753071194039,38.83809647249119,118.5583566842714,172.2960969317093,141.27720857136302
2026-04-24,6,21,29,39,44,1,5,0.0,0.8660254037844387,-0.4999999999999998,0.926323968251495,-0.376727893635185,1.0057822009205941,0.5673456738370415,0.8234797425428226,0.0025255717498355863,0.7345449247770061,-0.678560058863136,1.176477037331329,0.2566815852630889,0.9664960236787462,1.469276637038983,0.8721120003595562,0.48930630368804107,2.2563240879518145,0.20055702567830577,0.9796820297683689,5.448915726270315,0.9506364048274811,-0.31030698641294135,10.375145983015612,0.14657377458383297,0.9891997415104028,98.16019426591265,74.63174075755398,56.1233371345903,35.94903566267296,115.63310740797965,169.44870575563118,144.17664371620978
2026-04-28,19,20,41,43,46,5,7,1.0,0.8660254037844387,-0.4999999999999998,0.898291751554753,-0.43939950965914143,1.0068137482257622,0.6219315075026162,0.7830716442162385,0.002631542764047741,-0.08181734914968732,-0.9966473405262858,1.2251668304937067,0.37210885116290116,0.9281890986680601,1.449606585695677,0.9104040766744148,0.41372021605742954,2.2493748806583875,0.25284167907938776,0.9675076668018274,5.510125888768741,0.9477697878268936,-0.3189552151675295,10.344028715462986,0.1545372156659972,0.9879869680184051,146.16436932692613,71.7284831401893,52.46317351921821,32.113891874104034,111.74107867784697,165.61220365996923,148.02814752039754
2026-05-01,10,11,13,16,27,5,7,0.0,0.49999999999999994,-0.8660254037844387,0.8744809578310397,-0.4850598461951961,1.007576616087652,0.6609262510091587,0.750450858302513,0.0026875907822532645,-0.6646476209244111,-0.7471569714588229,1.257938221027846,0.45987255838447316,0.8879849266991638,1.4343277487519628,0.9347940124966563,0.3551903070192108,2.2440752645216855,0.29146740156279494,0.9565807617897364,5.555207237385098,0.9454435000729536,-0.32578610800616226,10.318432327806327,0.16039282067278746,0.9870532625327911,175.43081650539222,69.58069817197917,49.73934374669016,29.25189657239982,108.8278019955785,162.7245120013238,150.90493274178849
2026-05-05,1,30,33,34,43,5,10,1.0,0.49999999999999994,-0.8660254037844387,0.8391377545563939,-0.5439189543287246,1.008578466748709,0.7101624006959835,0.7040379000009285,0.002710683596642804,-0.9999543991720563,-0.009549846933425137,1.29413104823955,0.5758918099802579,0.8175259159180598,1.4132688683664953,0.9613976808602218,0.2751626777682379,2.23687658158074,0.34207075577847157,0.9396741978160011,5.614082276184959,0.9421028871050909,-0.33532394800886545,10.28138425866814,0.16803061268903285,0.9857817776766561,135.6037255490169,66.76227187177281,46.13998353373461,25.458867458494808,104.95015044706726,158.87033033592465,154.72239763976611
2026-05-08,3,17,18,31,41,6,12,0.0,0.49999999999999994,-0.8660254037844387,0.8100248628547753,-0.5863955333706956,1.0093127684729437,0.7449158278434854,0.6671584590097428,0.0026636032385411643,-0.8159253592067612,0.5781572521410742,1.3133506537800441,0.6598781429407574,0.7513726348950016,1.396966155516258,0.9768397114059675,0.21397237723665685,2.231362460845664,0.3792740364791087,0.9252843915536691,5.657225203604174,0.9394154425064418,-0.34278072638412166,10.25147105967655,0.17362206147708448,0.9848123576440577,102.8176737828109,64.68677202369835,43.46844678118449,22.635819899559003,102.04634725856528,155.9793619965754,157.56872499908164
2026-05-12,7,15,19,28,35,3,11,1.0,0.49999999999999994,-0.8660254037844387,0.7678804460366001,-0.6405931786981751,1.0102555322256537,0.7882068381946452,0.6154104160827962,0.002516647570302008,-0.06040042752436022,0.9981742274547437,1.3244416910683507,0.7636494009412608,0.6456311582026177,1.3745567170884563,0.9913424960965566,0.1313013915883941,2.2238297920206147,0.42776980177912494,0.9038877124321628,5.7132672232832,0.9355853885069737,-0.3531005250806844,10.208847367779812,0.18088000038029586,0.9835051730735452,55.50019473956279,61.97780283943433,39.95111459277419,18.912649226610185,98.17987072062725,152.12606471763985,161.33291270208284
2026-05-15,1,32,33,36,37,7,12,0.0,0.49999999999999994,-0.8660254037844387,0.7338853664321991,-0.6792733388972931,1.0109236260911725,0.81829270264331,0.5748017508678166,0.002414210315592404,0.6371900183579337,0.7707067409235605,1.3193267826982993,0.8321017436032175,0.5546230145715965,1.3572458243691168,0.9976296232010394,0.06881231657016164,2.2180260471398383,0.4632363776239085,0.8862347648596729,5.754095485897666,0.9325251413495435,-0.36110505500617684,10.174898117514093,0.1861648019260523,0.9825185324073199,15.965947274762293,59.99556996954474,37.353640336872935,16.16609873411254,95.28379711437461,149.2378470778009,164.12163093455752
2026-05-19,10,36,37,39,47,5,6,1.0,0.49999999999999994,-0.8660254037844387,0.6855476064742155,-0.7280278011569847,1.0117486488030365,0.8550938678021723,0.5184732174829486,0.0024216920869342407,0.9845069113281613,-0.17534577710080154,1.2926467249514404,0.906519610248998,0.4221637078598831,1.3334922978309518,0.9998924276831258,-0.01466741497146108,2.210062753162332,0.5092117690960257,0.8606412575597894,5.806791138764035,0.9281917665992735,-0.3721021962006135,10.127118557352015,0.1929834807971229,0.981202005776296,41.49518018047716,57.42838202986722,33.95869094823277,12.61014940849539,91.42783746568611,145.39047882532398,167.75953609230035
2026-05-22,5,34,35,42,46,3,5,0.0,0.49999999999999994,-0.8660254037844387,0.647160667326606,-0.7623536388483902,1.0123189227962397,0.8801248146118446,0.4747423624498515,0.0025206287827017806,0.6054732261674549,-0.7958656748436723,1.2584399112410631,0.947827274479644,0.31878434364392744,1.315180236360255,0.9970262588644592,-0.07706256636487342,2.203919124900131,0.5426406777645905,0.8399649366700885,5.844920782027487,0.924751154096967,-0.38057233608911695,10.089502422151986,0.1979163693630903,0.9802189096003672,81.08117211472621,55.56737201313027,31.476979720808924,10.089624348258564,88.54044395434886,142.5084784797843,170.37421651319582
2026-05-26,5,11,23,33,42,10,12,1.0,0.49999999999999994,-0.8660254037844387,0.593326764377232,-0.8049617075821959,1.013026946697059,0.9099687595528402,0.41467680986265115,0.0026503750145556544,-0.24611473388510835,-0.96924070166531,1.1977605304389696,0.9832707142534373,0.18215021957586383,1.290128445473989,0.9872000037162979,-0.15948715516473883,2.195500101679439,0.5857221589512056,0.810511907693859,5.8938038511210635,0.9199091467362097,-0.3921315617889723,10.0371313273269,0.20423903071474236,0.9789210480588834,128.67472225604675,53.18369131727409,28.279910614724063,7.171186746905068,84.69673395502541,138.67092389229174,173.49161566066198
2026-05-29,3,20,21,42,49,5,6,0.0,0.49999999999999994,-0.8660254037844387,0.5511016400746,-0.8344381237138473,1.0135259196054618,0.9296452683312321,0.3684557979857986,0.0027031981922787654,-0.7733868125530807,-0.6339344115671479,1.1445223643505058,0.9964422631523433,0.08427820717027787,1.270885390341823,0.9754068472845716,-0.2204120737853816,2.1890100161202897,0.6168629123891748,0.7870706113931235,5.928941989671361,0.9160863757229468,-0.40098098734827314,9.99629519267354,0.20878203637620435,0.977962198291225,161.64652873018426,51.477802899249546,25.990067613911595,5.743699301823636,81.81811154679818,135.79631536863604,175.1012846826792
2026-06-02,2,36,38,40,46,7,8,1.0,1.2246467991473532e-16,-1.0,0.4925480679538644,-0.8702852410301553,1.0141523736842402,0.9521992845883631,0.30547753179147147,0.002710460706360136,-0.9896584970021157,0.1434435753580945,1.0682125056552225,0.9993374526954121,-0.03639581899401512,1.2446545304504084,0.9539365098044476,-0.30000855864809794,2.180104825624839,0.6567525703528025,0.754106133999046,5.973683298649202,0.9107335772891776,-0.412994371872133,9.939918391317908,0.21456228411084408,0.976710308247608,153.66661202499458,49.326245285331716,23.130336117883523,5.838669151044541,77.98450396697483,131.96743752625096,174.97832120918753
2026-06-05,21,23,44,47,50,1,7,0.0,1.2246467991473532e-16,-1.0,0.44709379298511426,-0.8944870822287954,1.0145909898151062,0.9663112407106711,0.2573763510429881,0.002662546963160954,-0.7166454521464682,0.6974376645391214,1.009654824145764,0.9930080623641386,-0.1180465504782711,1.224570959325263,0.9336494972142386,-0.3581879623209012,2.1732200966366184,0.6854011125227681,0.7281657194296857,6.00560472468985,0.9065266381684239,-0.42214861635572765,9.896290436650046,0.21868138076512766,0.9757963177357544,120.85006338238244,47.81511385028868,21.177792507069206,7.356453016570073,75.11198701538513,129.0980903489909,173.2656856242236
2026-06-09,1,14,22,39,48,8,11,1.0,1.2246467991473532e-16,-1.0,0.3846650997070012,-0.923056206884176,1.0151246328417332,0.9813358780866666,0.1923015714441021,0.002525272047158767,0.09217820169916657,0.9957425265255611,0.9325739296368197,0.9768593265659218,-0.2138828092698753,1.1972696400965137,0.9012351099469412,-0.4333304473481234,2.1637358960331388,0.7218449998495632,0.6920547638678489,6.045907385831553,0.9006604617668001,-0.43452356968295097,9.836479211349948,0.22387267390554658,0.9746184001332936,73.6427568132896,45.95348736610958,18.925690537621495,10.313280425321208,71.28460387291341,125.27452585050388,170.11246723375788
2026-06-12,2,4,14,18,28,9,11,0.0,1.2246467991473532e-16,-1.0,0.3366372842469106,-0.9416343976591258,1.0154760640573701,0.9897308514936389,0.14294349093846961,0.0024183216814408085,0.7435293257928096,0.6687033286040155,0.8767869954590427,0.9613031022565243,-0.27549291386890973,1.1764131069453256,0.8730664441624271,-0.4876012552050861,2.1563724526006975,0.7478217427715548,0.663899571500174,6.074381900816335,0.8960682696315406,-0.4439162715642856,9.790502128503157,0.22753138488761282,0.9737707476049612,34.05760965941895,44.68428904657862,17.583501350769257,12.832638166602647,68.41563451398711,122.40816292882306,167.5011747271172
2026-06-16,9,26,29,37,42,1,7,1.0,1.2246467991473532e-16,-1.0,0.27123391067291,-0.9625134626077081,1.0158638842582826,0.9970592655720973,0.0766343326246787,0.0024079803765050256,0.9466743175843549,-0.32219208001779925,0.8064322908568432,0.9391921966569657,-0.34339193021773734,1.1481080738911216,0.8306392911854085,-0.5568108906433155,2.14619522113068,0.7805928280979312,0.6250398681060862,6.109922563355896,0.8896902485340403,-0.4565646303245988,9.727892247349075,0.23208301850028387,0.9726959815501434,23.434124347226813,43.18012726276472,16.39464716725476,16.36714311084315,64.59251164837285,118.58822678736085,163.88636561849333
2026-06-19,16,27,37,42,45,5,12,0.0,1.2246467991473532e-16,-1.0,0.22132528438243243,-0.9752000402445825,1.0160920146181074,0.9996435465713356,0.026697936217657314,0.002509913528929109,0.4705091678582667,-0.8823951059255266,0.7574285069916672,0.9236523087322318,-0.38323153911652136,1.1265177654862348,0.7953788271384876,-0.6061126309027092,2.138286575246999,0.803738856628365,0.594982226915837,6.1347062450122225,0.8847179003826762,-0.46612684619368255,9.680095634808334,0.23524343562280853,0.9719364824906911,63.46250808454249,42.20605466913188,16.036428150099862,19.08753089745844,61.72721989760071,115.72514170076691,161.1243998729029
2026-06-23,24,27,43,48,50,4,12,1.0,1.2246467991473532e-16,-1.0,0.15389057670406214,-0.9880878960910771,1.0163239079856006,0.9992030726039076,-0.0399151562556137,0.0026564915424740717,-0.3990544341183679,-0.9169272373588153,0.6982065441472701,0.9071159145218048,-0.4208808829363359,1.0972801964218997,0.744119459016959,-0.66804657825058,2.1273733127069683,0.8326518660706465,0.5537967767413152,6.165202120072617,0.8778409328912734,-0.47895229046386123,9.615458321189408,0.2391098658098789,0.9709925190609769,111.17752574899639,41.13078265585121,16.325725887271634,22.765361785252807,57.90977804507926,111.91044203043018,157.40583396014821
2026-06-26,17,25,35,39,41,5,9,0.0,1.2246467991473532e-16,-1.0,0.10282099713736025,-0.9946998756145891,1.0164526840487376,0.9959649761876501,-0.08974277802438209,0.0027095647344680504,-0.8630387842281325,-0.5051376613538402,0.659253841834679,0.8994615773558174,-0.4369998522432072,1.0750421250962916,0.7027387684528701,-0.7114479765333116,2.118907466749434,0.8528553232046244,0.522147295005476,6.186136076954607,0.8725008761800243,-0.4886125469787795,9.56643646752219,0.24174338254322045,0.9703402171385881,144.19722148562698,40.5030025454222,17.09252482581054,25.547562149298248,55.04856219721749,109.05115762919228,154.60031620068102
2026-06-30,12,19,34,44,50,3,8,1.0,1.2246467991473532e-16,-1.0,0.03432760051324382,-0.9994106342455052,1.0165726356491291,0.9877912220250921,-0.15578350904436333,0.0027019052106259777,-0.955157039843562,0.2960996947605385,0.6161976429438961,0.8971413367939963,-0.4417436154778938,1.0450204123107762,0.644030400497365,-0.7649998975393419,2.10722955357769,0.8777949450633242,0.4790365689811955,6.211429446397001,0.865142001448486,-0.5015269856445492,9.500544882718108,0.24489157063563652,0.9695504724518529,171.0226035406733,39.91773050113377,18.73741454154845,29.277855416110338,51.235180213996045,105.24021186965818,150.84530392986534
2026-07-03,4,9,20,25,28,1,3,0.0,-0.4999999999999997,-0.8660254037844388,-0.017166329754707124,-0.9998526477050269,1.0166254353863855,0.9787891152359699,-0.20487036851528134,0.002651400167764978,-0.5940577530407348,0.8044223928087739,0.5918928509096887,0.9014866860684401,-0.43280683317311647,1.0222534842626734,0.5976176510540372,-0.8017812314769255,2.098162753572014,0.8949883176866693,0.4460895775563307,6.2284113445778315,0.8594467329805645,-0.5112253056813935,9.450862361844177,0.24697478375954063,0.9690219069695628,138.26339862945875,39.6744684760916,20.34363182893296,32.08695799948533,48.37556933554057,102.38233791401743,148.02106133671586
2026-07-07,6,16,24,41,46,2,3,1.0,-0.4999999999999997,-0.8660254037844388,-0.0857305001556945,-0.9963183634476755,1.0166416187637883,0.9629963214455679,-0.2695145355677584,0.002532715870404486,0.2564535262151266,0.9665565626965797,0.5723327928442324,0.9138938803474235,-0.4059531690522064,0.9915992792268532,0.5329640588356835,-0.8461378800109318,2.085633259467463,0.9158831564838719,0.40144494475474396,6.248363254325236,0.8516229761437427,-0.5241548497381993,9.384466320905139,0.24937345493209961,0.9684073935979775,90.77411474872412,39.61691105435495,22.85468407156717,35.84413731797975,44.562215835064436,98.57119426347515,144.24690563040716
2026-07-10,13,25,28,42,45,5,12,0.0,-0.4999999999999997,-0.8660254037844388,-0.13690605792347504,-0.990584035457797,1.0166048864562554,0.9483430268772958,-0.31724675470871055,0.0024364311643488472,0.839833806175157,0.5428436036330804,0.5687836996740062,0.9259849854885709,-0.37756033511179526,0.9684041495958765,0.4826791791507454,-0.8757972425249823,2.075883769754642,0.9300245069961749,0.36749750527931724,6.261277837804029,0.8455864403310599,-0.533838526080918,9.334697703081185,0.250882411661035,0.9680175698401052,51.55811571490037,39.77465471444459,24.94586038990032,38.66932021756157,41.70121630176983,95.71177880888462,141.41079037365873
2026-07-14,5,6,17,34,36,3,11,1.0,-0.4999999999999997,-0.8660254037844388,-0.20455206612620058,-0.9788556850953579,1.0164752066898828,0.9251242123050122,-0.3796645780251705,0.002412626484823054,0.8898371178830737,-0.456278318176028,0.5806239608615031,0.9418709702325746,-0.335974813688688,0.9372234134010217,0.413667557921366,-0.9104280045799191,2.0623873594576225,0.9468326026517754,0.32172662705418914,6.275715694766385,0.8373201215923907,-0.5467129173309372,9.268605810666129,0.2524995983906404,0.9675969991750518,5.600870204398176,40.249191867704894,27.93574995744021,42.44409241076489,37.88502896019504,91.89761245856697,137.6232304246603
2026-07-17,6,21,31,47,48,2,9,0.0,-0.4999999999999997,-0.8660254037844388,-0.254671120241229,-0.9670277247913203,1.0163126741766766,0.9050048709057725,-0.4254012031445444,0.002504116173058292,0.3355521228938587,-0.942021641376367,0.6025778590853258,0.9513090878801033,-0.3082385753223076,0.9136589202238182,0.3607410583557655,-0.932666011397629,2.051884438342168,0.9579022925123521,0.2870944060750401,6.28443201289338,0.8309637224324732,-0.5563266055125959,9.219404576020407,0.2534124967709106,0.9673583133877194,45.22519340722216,40.79752468992644,30.29206422612341,45.27973274533677,35.02209140844632,89.03612783766917,134.77906153494322
2026-07-21,4,8,10,17,37,5,7,1.0,-0.4999999999999997,-0.8660254037844388,-0.32042327339191096,-0.947274472298717,1.0160178065510064,0.8746676201209749,-0.48472317286458455,0.0026547212762310485,-0.5338797743976506,-0.8455603978954512,0.649249036837871,0.9586318708384762,-0.2846487945042507,0.8820304978642746,0.2890810389342754,-0.957304629116918,2.0373734166354707,0.9706197767429385,0.24061847185012247,6.293222939060249,0.822290274114037,-0.5690682780628893,9.154537922104462,0.25422716259660993,0.9671445340785817,93.26305534562458,41.77273103887682,33.546416088594974,49.06520236080245,31.204189327175243,85.2200865675585,130.98335049339084
2026-07-24,4,6,8,17,22,7,10,0.0,-0.4999999999999997,-0.8660254037844388,-0.36876293119226006,-0.9295234803804003,1.0157481673456992,0.8493517594968624,-0.5278272337039688,0.0027081112317532043,-0.9295556449296203,-0.3686818451991876,0.6966441580233931,0.9595892300529836,-0.2814045301098085,0.8581807715693072,0.2348360456683917,-0.9720349950772519,2.0261080797458177,0.9786353829638493,0.20560347081506175,6.297692540020551,0.8156435593459358,-0.578554737339081,9.10659702926026,0.2545358523898365,0.9670633380746989,126.33543651452057,42.67663375985858,36.05272329808796,51.907381453778825,28.3401205106753,82.35735485476597,128.13418506885904
2026-07-28,11,25,40,41,45,1,5,1.0,-0.4999999999999997,-0.8660254037844388,-0.431672852473784,-0.9020302369860707,1.0153363481151636,0.8122903273176639,-0.5832533104459523,0.002685448626177134,-0.8982015534920867,0.43958385924007953,0.7745904226043245,0.9540295884215821,-0.29971243620535115,0.8262560391712189,0.16230322531755997,-0.9867409300578939,2.0105678786666985,0.9873108864648491,0.15879928673641408,6.300822640319779,0.8066020372422008,-0.5910948769163299,9.043843729455899,0.25454464222300166,0.9670610245044333,169.9692831674521,44.094456167383655,39.46215457104372,55.70114094858785,24.519824112335026,78.53874560993172,124.33185101131598
2026-07-31,4,10,20,40,41,4,6,0.0,-0.4999999999999997,-0.8660254037844388,-0.4775358864374881,-0.8786122450571483,1.014993557008716,0.7820936378862766,-0.6231609275121553,0.0026281215984147303,-0.45378614122223343,0.8911106205374477,0.8423536173641709,0.9436836249812761,-0.33084923445913883,0.8022509321452892,0.10805596477556159,-0.9941448126286344,1.9985109241103476,0.992323432706618,0.12366974125207054,6.301048733993306,0.7996964084898988,-0.6004045754725367,8.997803289242324,0.2542497779167319,0.9671385890498282,155.53254135212498,45.30483770719341,42.06041159093324,58.5499444094882,21.652804264711428,75.67288998671067,121.4770651929529
2026-08-04,3,17,30,35,43,1,12,1.0,-0.8660254037844384,-0.5000000000000004,-0.5366961939916004,-0.8437755598231858,1.0144920355136724,0.7387541859750004,-0.6739749644492846,0.002529946146277101,0.42464951343992074,0.9053578246943241,0.9414541721930663,0.919079830659375,-0.39407139565709975,0.7702075465452377,0.03636504249532679,-0.9993385730993841,1.9818746187944856,0.9970399685089841,0.07688498680239095,6.298517500351831,0.7903275958035945,-0.6126844957327632,8.938000402973746,0.25345614869930677,0.9673468771265635,107.19539803255378,47.09640715852777,45.569506196288025,62.35373517693461,17.826676782577348,71.84808853754255,117.6657616568469
2026-08-07,1,3,6,13,23,5,7,0.0,-0.8660254037844384,-0.5000000000000004,-0.5794210982045637,-0.8150283375168114,1.014077032841329,0.704032714281324,-0.7101675416559613,0.0024579456762293442,0.9211095481177568,0.3893034810611149,1.0188729375572767,0.8902688552487216,-0.45543535806317315,0.7461743189748832,-0.01663776925967499,-0.9998615827373616,1.9689574427427678,0.9991218063323881,0.04190007292482765,6.294487311628908,0.7831902861595662,-0.6217820966104579,8.8944903616706,0.25256207006000814,0.9675806947056166,68.25498388768928,48.56123239209263,48.22972771672544,65.21107653940918,14.953965038625018,68.9760722531214,114.80305730916137
2026-08-11,4,11,12,16,30,8,9,1.0,-0.8660254037844384,-0.5000000000000004,-0.6339784927628865,-0.77335067770973,1.0134578450304503,0.6549312342769492,-0.7556884797113635,0.002436201546474839,0.8118572295566968,-0.583856008632715,1.119644260407596,0.8349152418341402,-0.5503785415085141,0.7141589480991555,-0.0858765015450327,-0.9963057896461237,1.95112341160519,0.9999898188438564,-0.004512450402089253,6.286259306281086,0.7735398424588593,-0.6337476722866311,8.838505445822442,0.2509755031631578,0.9679934384137114,13.532871067153659,50.65873573790055,51.80840044017832,69.02701981248471,11.119570056493204,65.141768263481,110.98024355128841
2026-08-14,5,26,28,30,40,3,6,0.0,-0.8660254037844384,-0.5000000000000004,-0.6729490241558326,-0.7396888608649671,1.012937674999587,0.6161166271533528,-0.7876549382471847,0.0025114351462115344,0.19961967945678538,-0.9798734528364212,1.1884375938057004,0.7795245207038406,-0.6263717120220609,0.6901866775815447,-0.13644834595976923,-0.9906471868858474,1.9372829710111241,0.9992360689790153,-0.039080410071601915,6.277947709406277,0.7662125214302955,-0.6425872485533999,8.798206771112218,0.2494948657186717,0.9683761211327043,26.568679176613234,52.32900903118686,54.512479863864826,71.89320904131687,8.241760654678275,62.26259505453569,108.10907892812587
2026-08-18,15,22,24,34,42,4,7,1.0,-0.8660254037844384,-0.5000000000000004,-0.7221165966101161,-0.691771364614222,1.0121750336587838,0.5618972525763264,-0.8272070342708505,0.0026523202024817762,-0.6494013312072388,-0.760445863310641,1.2650426882670411,0.6879210490641013,-0.7257855263468308,0.6583126170719897,-0.20164576411697813,-0.9794585166374735,1.9182133450714052,0.9964014145505722,-0.08475978457746768,6.264034447296923,0.756340746355229,-0.6541778622078366,8.746964725556818,0.2471447002992825,0.968978584445486,74.74295952104751,54.670321049299005,58.1400979712265,75.71971193111816,4.40747327315673,58.41969912341969,104.27614808809471
2026-08-21,25,35,45,46,50,4,8,0.0,-0.8660254037844384,-0.5000000000000004,-0.7567706633464625,-0.653680474772006,1.0115611903051835,0.519511784725474,-0.8544632850692607,0.0027036829220717026,-0.9729780992999504,-0.23089741939366915,1.3089477506396552,0.6080890359711343,-0.7938688332033804,0.6345100496729396,-0.24858899742107193,-0.9686090596113514,1.9034525754368232,0.992935337660178,-0.11865671167560685,6.251501484199383,0.7488720073099262,-0.6627146570490212,8.710546792580574,0.24510984882180972,0.9694953130420743,107.87733757206666,56.50265344665153,60.87513438784778,78.59310955234979,1.566338462795763,55.534621467202705,101.39805964937909
2026-08-25,4,5,7,48,50,4,5,1.0,-0.8660254037844384,-0.5000000000000004,-0.7998392447397191,-0.6002142805483686,1.0107019130801018,0.4608944298278579,-0.8874549704371787,0.002665857551187536,-0.8235799232345102,0.5672002380509359,1.3493129194480669,0.4913258296699548,-0.8709758487461812,0.6029757701095005,-0.3081821098262799,-0.9513273817057001,1.8831586151225683,0.9865770825232196,-0.1632962346166388,6.2320337679241,0.7388438635498066,-0.6738766543624989,8.664872402401857,0.24204961397350436,0.9702638735804181,151.91631233219596,59.03539818401264,64.53858945103137,82.42924880464928,2.4048891135010453,51.68363611467368,97.55579540420852
2026-08-28,23,34,39,45,49,1,4,0.0,-0.8660254037844384,-0.5000000000000004,-0.8296770135526184,-0.5582437220268655,1.0100353060987395,0.4154858236900069,-0.9095996538657194,0.0025958145280653645,-0.30531901714504855,0.9522501235335081,1.3673119266904996,0.39912677035263416,-0.9168957526283321,0.5795280002051507,-0.3503773012541081,-0.9366086411975324,1.8674728409683177,0.9805415134113498,-0.19631184497370455,6.215392061106213,0.7312818054246586,-0.682075451145144,8.632905448125669,0.23950582707966345,0.9708949267530892,173.13340060708333,60.99489264990236,67.29766395833569,85.31047640115959,5.2746340635337035,48.79176946626678,94.67003688798168
2026-09-01,9,14,35,43,50,3,7,1.0,-1.0,-1.8369701987210297e-16,-0.8660254037844384,-0.5000000000000004,1.009123403949696,0.3532094368600092,-0.9355442767250705,0.0025118439784999206,0.5838010204221286,0.811896772104731,1.3776665561621506,0.2738576831425128,-0.9617702269169155,0.5486179836701653,-0.40296230375414427,-0.9152165764195668,1.8459221199090137,0.9708599563861886,-0.2396475434587386,6.19051676123385,0.7211616053112548,-0.692766872060792,8.593512937711653,0.2358009166213532,0.9718013828558435,123.46365274708559,63.67812542907445,70.99078534718858,89.15850976803623,9.131816164030598,44.930161075849604,90.81599088179948
2026-09-04,5,14,31,33,43,3,4,0.0,-1.0,-1.8369701987210297e-16,-0.8906165093267404,-0.45475513555610575,1.0084196993269432,0.3053412745236171,-0.9522429868853292,0.002471817975694926,0.9774719114277243,0.21106554046037712,1.376973123699962,0.1801443974426672,-0.9836401761162556,0.5257597772860574,-0.4394280181507939,-0.8982778060622814,1.8292670944802063,0.9624132745714633,-0.2715891914797663,6.169864971711161,0.7135559376764744,-0.7005982613500031,8.566512715037664,0.2328007443126631,0.9725244539071859,84.42755123364827,65.73784471173016,73.77093391182126,92.04995262425929,12.033791103838299,42.02898460360989,87.92002371870967
2026-09-08,14,27,34,36,47,3,4,1.0,-1.0,-1.8369701987210297e-16,-0.9197204370389468,-0.3925739646141714,1.007443119639118,0.24018637145244542,-0.9707267931650532,0.002471996056505717,0.7077534800117038,-0.7064594903682183,1.3668735160832883,0.057648517790700814,-0.9983369413161747,0.4958016129482139,-0.4837755935428963,-0.8751920789702216,1.8063868882903131,0.9496345139799853,-0.3133596812897233,6.139698546534011,0.7034152534511627,-0.7107791367311203,8.534086378922725,0.2285275598863868,0.9735374437443964,31.18134360231618,68.53952647061026,77.49059735102901,95.91283493011312,15.912459810769935,38.15376477595656,84.05105037815392
2026-09-11,14,21,35,37,49,1,12,0.0,-1.0,-1.8369701987210297e-16,-0.9387101892619443,-0.3447073839879337,1.0066747797353544,0.1904839676888826,-0.9816903065903732,0.002534406874099612,0.057608123175528915,-0.9983392730651204,1.3534787170542006,-0.031325725827966076,-0.9995092290225994,0.4737868483822258,-0.5136088241674195,-0.858024461036724,1.788719552019405,0.9389605696303278,-0.3440247791649468,6.115131245645527,0.6958258724922837,-0.7182105228763724,8.512566836941774,0.22513598988141129,0.9743273505655669,8.03665087375289,70.67726911327857,80.28890225117554,98.81545648378952,18.827681016373067,35.24245560123957,81.14380239267756
2026-09-15,5,6,10,27,42,1,8,1.0,-1.0,-1.8369701987210297e-16,-0.9601498736716017,-0.2794856348516098,1.005603884575392,0.12335017171885145,-0.9923632072668404,0.00265569988761161,-0.7481903806691853,-0.6634841025029158,1.3289441214561286,-0.14495247512753828,-0.989438618588541,0.4451577307503322,-0.5484572131147163,-0.836178620500691,1.764498511646736,0.9233483966092989,-0.3839631993811866,6.0798523544709395,0.6857526662001076,-0.7278346521013161,8.487758951349077,0.22039536865942774,0.9754106219810582,55.677095218655204,73.56914384322188,84.02957552919112,102.69210630012503,22.721895467561517,31.355203358402417,77.2608893865241
2026-09-18,4,25,30,32,33,4,5,0.0,-1.0,-1.8369701987210297e-16,-0.9732643737003823,-0.2296877421317963,1.004774267442923,0.07252440212988104,-0.9973666382508006,0.002701696307597798,-0.995565522105799,-0.09407067127541849,1.3060212641992357,-0.22583161059754353,-0.9741663531732758,0.4243349542253252,-0.5706320638260799,-0.8212058497926015,1.7458447499406338,0.9106545299742251,-0.4131686423694605,6.051557443245211,0.6782486484622348,-0.7348324780922193,8.472148255148708,0.21669823481888767,0.9762386363110088,88.76539033510159,75.76482382212394,86.84123313297715,105.60406106632696,25.647576764043727,28.436285689568955,74.3441451392416
2026-09-22,17,23,33,46,47,4,5,1.0,-1.0,-1.8369701987210297e-16,-0.9867305793119814,-0.16236614133076413,1.0036485538220081,0.004372945182272606,-0.9999904386295065,0.0026504702298993286,-0.7362743037971248,0.6766831973442663,1.2698534219846624,-0.32720420025471847,-0.9449536556549586,0.3976320850457261,-0.5945041444847413,-0.8040925457871536,1.7203336033180159,0.8924912043861499,-0.45106479589229703,6.011469977840174,0.668334756047281,-0.7438606414236617,8.455421204681036,0.21161334720291208,0.9773534628196596,132.81659589927537,78.7223802411661,90.59721493307138,109.4924442320723,29.555075955578754,24.540563967083422,70.44920429548017
2026-09-25,2,7,10,29,30,5,10,0.0,-1.0,-1.8369701987210297e-16,-0.9937806700284985,-0.11135519690480865,1.002800197034651,-0.04686003179052365,-0.9989014653210752,0.0025627997690582218,-0.15852097514964542,0.9873556099185367,1.2386703475988707,-0.3979970373123901,-0.9173867005197753,0.3785623834122839,-0.6078376299949881,-0.7940613424428089,1.700724406405266,0.8779918354124062,-0.478675607221795,5.979693158817523,0.6609839598078101,-0.7504000299019099,8.445990816205743,0.2077063255438473,0.9781912299387443,168.0445327688334,80.95956469936502,93.41903183061032,112.41318061474695,32.49085994653741,21.616530747000475,67.52337593656127
2026-09-29,21,30,36,43,48,1,5,1.0,-1.0,-1.8369701987210297e-16,-0.9990791668951153,-0.04290475819955383,1.0016753489444072,-0.11508709858687595,-0.9933554045450473,0.0024792259756701443,0.7204171180707585,0.6935410413166785,1.1917527508066017,-0.48489083701384406,-0.8745746830202745,0.3546940560153026,-0.6190635582573902,-0.7853408883011879,1.6739419747925866,0.8575679079893357,-0.514370764319663,5.935126067249423,0.6513194992542245,-0.7588036042950945,8.437627237289933,0.2024065381298902,0.9793015844581654,140.25223243756668,83.96332237001131,97.18753178393862,116.31396715536961,36.412862845838056,17.716353218438435,63.61548462045762
2026-10-02,4,6,7,17,45,7,12,0.0,-0.8660254037844386,0.5000000000000001,-0.9999631612477099,0.008583481082087254,1.0008373962016077,-0.1660301104032243,-0.9861206835065843,0.00247015192564971,0.9998054788690943,0.01972319505914125,1.152546185072812,-0.5440905935435921,-0.8390264751587888,0.33817935166361385,-0.6222607343189718,-0.7828100526467542,1.6533709898729252,0.8414874869737426,-0.5402766044042766,5.900105428771847,0.6441907715612912,-0.7648648572364064,8.434546579387248,0.19838727975624096,0.9801237101666906,100.65403289194464,86.22896028683087,100.01832858423948,119.24489389522675,39.36074304512963,14.792472501013416,60.678927794967834
